date,medicine,score
2024-03-26,Oxycorion Depot,0
2024-03-26,Solifenacin Accord,0
2024-03-26,Olmesartan medoxomil Krka,0
2024-03-26,Atorvastatin Orion,0
2024-03-26,Emconcor,0.5
2024-03-26,Ongentys,0.5
2024-03-26,Lomudal,0
2024-03-26,Candexetil Comp,0
2024-03-26,Differin,0
2024-03-26,Ivabradine Accord,0
2024-03-26,Tasminetta,0.2
2024-03-26,Cozaar Comp,0
2024-03-26,Sitagliptin Grindeks,0
2024-03-26,Esomeprazol Actavis,0.2
2024-03-26,Zanipress,0.3
2024-03-26,Cetirizin-ratiopharm,0
2024-03-26,Levetiracetam Sandoz,0.3
2024-03-26,Vepesid,0
2024-03-26,Losartan/Hydrochlorothiazide Sandoz,0
2024-03-26,Icatibant Sandoz,0
2024-03-26,Tenofovir disoproxil STADA,0
2024-03-26,Ziextenzo,0
2024-03-26,Citalopram Vitabalans,0
2024-03-26,Elonva,0
2024-03-26,Emconcor Comp,0.7
2024-03-26,Replagal,0
2024-03-26,Deprakine,0.5
2024-03-26,Spiriva,0.2
2024-03-26,Flixonase,0
2024-03-26,Pergoveris,0
2024-03-26,Repaglinide Krka,0
2024-03-26,Cinacalcet Mylan,0
2024-03-26,Aripiprazole Orion,0.3
2024-03-26,Metoprolol Orion,0
2024-03-26,Testosterone ratiopharm,0
2024-03-26,Dasatinib Avansor,0
2024-03-26,Carbidopa/Levodopa Orion,0
2024-03-26,Lenalidomide Stada,0
2024-03-26,Coversyl Comp Novum,0
2024-03-26,Metomylan,0
2024-03-26,Losanova,0
2024-03-26,Adempas,0
2024-03-26,Kalcipos,0
2024-03-26,Memantine ratiopharm,0.5
2024-03-26,Voriconazole Sandoz,0
2024-03-26,Citalopram-Ratiopharm,0.5
2024-03-26,Losec MUPS,0
2024-03-26,Symtuza,0
2024-03-26,Lipanthyl Penta,0
2024-03-26,Atomoxetin Orion,0
2024-03-26,Imatinib ratiopharm,0
2024-03-26,Dymista,0
2024-03-26,Perindopril Krka,0
2024-03-26,Laktufarm,0.5
2024-03-26,Furesis,0.2
2024-03-26,Salofalk,0
2024-03-26,Erlotinib Krka,0
2024-03-26,Acidal,0.2
2024-03-26,Enalapril Comp Ratiopharm,0
2024-03-26,Lisinopril Ratiopharm,0
2024-03-26,Depo-Medrol,0
2024-03-26,Zonegran,0
2024-03-26,XALKORI,0
2024-03-26,Lumigan,0
2024-03-26,Zyban,0.5
2024-03-26,Zalasta,0
2024-03-26,Neurobion forte,0
2024-03-26,Primovist,0
2024-03-26,Doximed,0
2024-03-26,Hydofon,0
2024-03-26,Sitagliptin/Metformin STADA,0
2024-03-26,Glaukostad,0
2024-03-26,Myrelez,0.2
2024-03-26,Clindamycin MIP,0.2
2024-03-26,Risperdal Consta,0
2024-03-26,Modigraf,0.3
2024-03-26,Bosentan Accord,0
2024-03-26,Leponex,0.2
2024-03-26,Etoricoxib Mylan,0
2024-03-26,Paracetamol KRKA,0
2024-03-26,Ibutabs,0
2024-03-26,Zolmitriptan Stada,0
2024-03-26,Ivermectin Medical Valley,0
2024-03-26,Bisoprolol Orion,0
2024-03-26,Strepsils Menthol,0
2024-03-26,Duphagol,0.5
2024-03-26,Tenofovir disoproxil Mylan,0
2024-03-26,Rosuvastatin/Ezetimibe ratiopharm,0
2024-03-26,Oramet,0
2024-03-26,Myfenax,0.2
2024-03-26,Metoclopramide Orion,0
2024-03-26,Linatil Comp,0.2
2024-03-26,Buprenorphine Stada,0
2024-03-26,Natrilix Retard,0.5
2024-03-26,Oftastad,0
2024-03-26,Micardisplus,0.2
2024-03-26,Dutasteride Ratiopharm,0
2024-03-26,Calquence,0.2
2024-03-26,Panacod,0
2024-03-26,Tavanic,0
2024-03-27,Oxycorion Depot,0
2024-03-27,Solifenacin Accord,0
2024-03-27,Olmesartan medoxomil Krka,0
2024-03-27,Atorvastatin Orion,1
2024-03-27,Emconcor,1
2024-03-27,Ongentys,1
2024-03-27,Lomudal,1
2024-03-27,Candexetil Comp,1
2024-03-27,Differin,0
2024-03-27,Ivabradine Accord,1
2024-03-27,Tasminetta,0
2024-03-27,Cozaar Comp,0
2024-03-27,Sitagliptin Grindeks,0
2024-03-27,Esomeprazol Actavis,1
2024-03-27,Zanipress,1
2024-03-27,Cetirizin-ratiopharm,1
2024-03-27,Levetiracetam Sandoz,0
2024-03-27,Vepesid,0
2024-03-27,Losartan/Hydrochlorothiazide Sandoz, -0.0000000000000000000000
2024-03-27,Icatibant Sandoz,0
2024-03-27,Tenofovir disoproxil STADA,1
2024-03-27,Ziextenzo,0
2024-03-27,Citalopram Vitabalans,0
2024-03-27,Elonva,0
2024-03-27,Emconcor Comp,0
2024-03-27,Replagal,1
2024-03-27,Deprakine,0
2024-03-27,Spiriva,0
2024-03-27,Flixonase,0
2024-03-27,Pergoveris,0
2024-03-27,Repaglinide Krka,0
2024-03-27,Cinacalcet Mylan,0
2024-03-27,Aripiprazole Orion,1
2024-03-27,Metoprolol Orion,1
2024-03-27,Testosterone ratiopharm,0
2024-03-27,Dasatinib Avansor,0
2024-03-27,Carbidopa/Levodopa Orion,0
2024-03-27,Lenalidomide Stada,1
2024-03-27,Coversyl Comp Novum,0
2024-03-27,Metomylan,0
2024-03-27,Losanova,1
2024-03-27,Adempas,0
2024-03-27,Kalcipos,1
2024-03-27,Memantine ratiopharm,0
2024-03-27,Voriconazole Sandoz,0
2024-03-27,Citalopram-Ratiopharm,1
2024-03-27,Losec MUPS,1
2024-03-27,Symtuza,0
2024-03-27,Lipanthyl Penta,0
2024-03-27,Atomoxetin Orion, -1
2024-03-27,Imatinib ratiopharm,1
2024-03-27,Dymista,1
2024-03-27,Perindopril Krka,1
2024-03-27,Laktufarm,1
2024-03-27,Furesis,1
2024-03-27,Salofalk,0
2024-03-27,Erlotinib Krka,0
2024-03-27,Acidal,1
2024-03-27,Enalapril Comp Ratiopharm,1
2024-03-27,Lisinopril Ratiopharm,0
2024-03-27,Depo-Medrol,0
2024-03-27,Zonegran,0
2024-03-27,XALKORI,0
2024-03-27,Lumigan,1
2024-03-27,Zyban,0
2024-03-27,Zalasta,0
2024-03-27,Neurobion forte,1
2024-03-27,Primovist,0
2024-03-27,Doximed,1
2024-03-27,Hydofon,1
2024-03-27,Sitagliptin/Metformin STADA,1
2024-03-27,Glaukostad,1
2024-03-27,Myrelez,0
2024-03-27,Clindamycin MIP,0
2024-03-27,Risperdal Consta,1
2024-03-27,Modigraf,0
2024-03-27,Bosentan Accord,0
2024-03-27,Leponex,1
2024-03-27,Etoricoxib Mylan,0
2024-03-27,Paracetamol KRKA,0
2024-03-27,Ibutabs,1
2024-03-27,Zolmitriptan Stada,1
2024-03-27,Ivermectin Medical Valley,0
2024-03-27,Bisoprolol Orion,1
2024-03-27,Strepsils Menthol,0
2024-03-27,Duphagol,1
2024-03-27,Tenofovir disoproxil Mylan,0
2024-03-27,Rosuvastatin/Ezetimibe ratiopharm,1
2024-03-27,Oramet,0
2024-03-27,Myfenax,0
2024-03-27,Metoclopramide Orion,1
2024-03-27,Linatil Comp,0
2024-03-27,Buprenorphine Stada,1
2024-03-27,Natrilix Retard,1
2024-03-27,Oftastad,1
2024-03-27,Micardisplus,0
2024-03-27,Dutasteride Ratiopharm,1
2024-03-27,Calquence,1
2024-03-27,Panacod,0
2024-03-27,Tavanic,1
2024-03-28,Oxycorion Depot,0
2024-03-28,Solifenacin Accord,0
2024-03-28,Olmesartan medoxomil Krka,0
2024-03-28,Atorvastatin Orion,0
2024-03-28,Emconcor,0
2024-03-28,Ongentys,0.5
2024-03-28,Lomudal,0.7
2024-03-28,Candexetil Comp,0
2024-03-28,Differin,0
2024-03-28,Ivabradine Accord,0
2024-03-28,Tasminetta,0.5
2024-03-28,Cozaar Comp,0
2024-03-28,Sitagliptin Grindeks,0
2024-03-28,Esomeprazol Actavis,0
2024-03-28,Zanipress,0
2024-03-28,Cetirizin-ratiopharm,0
2024-03-28,Levetiracetam Sandoz,0
2024-03-28,Vepesid,0
2024-03-28,Losartan/Hydrochlorothiazide Sandoz,0
2024-03-28,Icatibant Sandoz,0
2024-03-28,Tenofovir disoproxil STADA,0
2024-03-28,Ziextenzo,0.5
2024-03-28,Citalopram Vitabalans,0
2024-03-28,Elonva,0
2024-03-28,Emconcor Comp,0
2024-03-28,Replagal,0.2
2024-03-28,Deprakine,0
2024-03-28,Spiriva,0.2
2024-03-28,Flixonase,0
2024-03-28,Pergoveris,0
2024-03-28,Repaglinide Krka,0
2024-03-28,Cinacalcet Mylan,0
2024-03-28,Aripiprazole Orion,0
2024-03-28,Metoprolol Orion,0
2024-03-28,Testosterone ratiopharm,0
2024-03-28,Dasatinib Avansor,0
2024-03-28,Carbidopa/Levodopa Orion,0
2024-03-28,Lenalidomide Stada,0
2024-03-28,Coversyl Comp Novum,0
2024-03-28,Metomylan,0
2024-03-28,Losanova,0
2024-03-28,Adempas,0
2024-03-28,Kalcipos,0
2024-03-28,Memantine ratiopharm,0
2024-03-28,Voriconazole Sandoz,0
2024-03-28,Citalopram-Ratiopharm,0
2024-03-28,Losec MUPS,0
2024-03-28,Symtuza,0
2024-03-28,Lipanthyl Penta,0
2024-03-28,Atomoxetin Orion,0
2024-03-28,Imatinib ratiopharm,0
2024-03-28,Dymista,0
2024-03-28,Perindopril Krka,0
2024-03-28,Laktufarm,0
2024-03-28,Furesis,0.5
2024-03-28,Salofalk,0
2024-03-28,Erlotinib Krka,0
2024-03-28,Acidal,0
2024-03-28,Enalapril Comp Ratiopharm,0
2024-03-28,Lisinopril Ratiopharm,0
2024-03-28,Depo-Medrol,0
2024-03-28,Zonegran,0
2024-03-28,XALKORI,0.5
2024-03-28,Lumigan,0
2024-03-28,Zyban,0
2024-03-28,Zalasta,0
2024-03-28,Neurobion forte,0
2024-03-28,Primovist,0
2024-03-28,Doximed,0
2024-03-28,Hydofon,0
2024-03-28,Sitagliptin/Metformin STADA,0
2024-03-28,Glaukostad,0
2024-03-28,Myrelez,0.5
2024-03-28,Clindamycin MIP,0
2024-03-28,Risperdal Consta,0.5
2024-03-28,Modigraf,0
2024-03-28,Bosentan Accord,0
2024-03-28,Leponex,0
2024-03-28,Etoricoxib Mylan,0
2024-03-28,Paracetamol KRKA,0
2024-03-28,Ibutabs,0.5
2024-03-28,Zolmitriptan Stada,0
2024-03-28,Ivermectin Medical Valley,0
2024-03-28,Bisoprolol Orion,0
2024-03-28,Strepsils Menthol,0
2024-03-28,Duphagol,0
2024-03-28,Tenofovir disoproxil Mylan,0
2024-03-28,Rosuvastatin/Ezetimibe ratiopharm,0
2024-03-28,Oramet,0
2024-03-28,Myfenax,0.5
2024-03-28,Metoclopramide Orion,0
2024-03-28,Linatil Comp,0.5
2024-03-28,Buprenorphine Stada,0
2024-03-28,Natrilix Retard,0.5
2024-03-28,Oftastad,0.5
2024-03-28,Micardisplus,0
2024-03-28,Dutasteride Ratiopharm,0
2024-03-28,Calquence,0
2024-03-28,Panacod,0
2024-03-28,Tavanic,0.5
2024-03-29,Oxycorion Depot,0
2024-03-29,Solifenacin Accord,0
2024-03-29,Olmesartan medoxomil Krka,0
2024-03-29,Atorvastatin Orion,0
2024-03-29,Emconcor,0
2024-03-29,Ongentys,0
2024-03-29,Lomudal,0
2024-03-29,Candexetil Comp,0
2024-03-29,Differin,0
2024-03-29,Ivabradine Accord,0
2024-03-29,Tasminetta,0
2024-03-29,Cozaar Comp,0
2024-03-29,Sitagliptin Grindeks,0
2024-03-29,Esomeprazol Actavis,0
2024-03-29,Zanipress,0
2024-03-29,Cetirizin-ratiopharm,0
2024-03-29,Levetiracetam Sandoz,0
2024-03-29,Vepesid,0
2024-03-29,Losartan/Hydrochlorothiazide Sandoz,0
2024-03-29,Icatibant Sandoz,0
2024-03-29,Tenofovir disoproxil STADA,0
2024-03-29,Ziextenzo,0
2024-03-29,Citalopram Vitabalans,0
2024-03-29,Elonva,0
2024-03-29,Emconcor Comp,0
2024-03-29,Replagal,0
2024-03-29,Deprakine,0
2024-03-29,Spiriva,0
2024-03-29,Flixonase,0
2024-03-29,Pergoveris,0
2024-03-29,Repaglinide Krka,0
2024-03-29,Cinacalcet Mylan,0
2024-03-29,Aripiprazole Orion,0
2024-03-29,Metoprolol Orion,0
2024-03-29,Testosterone ratiopharm,0
2024-03-29,Dasatinib Avansor,0
2024-03-29,Carbidopa/Levodopa Orion,0
2024-03-29,Lenalidomide Stada,0
2024-03-29,Coversyl Comp Novum,0
2024-03-29,Metomylan,0
2024-03-29,Losanova,0
2024-03-29,Adempas,0
2024-03-29,Kalcipos,0
2024-03-29,Memantine ratiopharm,0
2024-03-29,Voriconazole Sandoz,0
2024-03-29,Citalopram-Ratiopharm,0
2024-03-29,Losec MUPS,0
2024-03-29,Symtuza,0
2024-03-29,Lipanthyl Penta,0
2024-03-29,Atomoxetin Orion,0
2024-03-29,Imatinib ratiopharm,0
2024-03-29,Dymista,0
2024-03-29,Perindopril Krka,0
2024-03-29,Laktufarm,0
2024-03-29,Furesis,0
2024-03-29,Salofalk,0
2024-03-29,Erlotinib Krka,0
2024-03-29,Acidal,0
2024-03-29,Enalapril Comp Ratiopharm,0
2024-03-29,Lisinopril Ratiopharm,0
2024-03-29,Depo-Medrol,0
2024-03-29,Zonegran,0
2024-03-29,XALKORI,0
2024-03-29,Lumigan,0
2024-03-29,Zyban,0
2024-03-29,Zalasta,0
2024-03-29,Neurobion forte,0
2024-03-29,Primovist,0
2024-03-29,Doximed,0
2024-03-29,Hydofon,0
2024-03-29,Sitagliptin/Metformin STADA,0
2024-03-29,Glaukostad,0
2024-03-29,Myrelez,0
2024-03-29,Clindamycin MIP,0
2024-03-29,Risperdal Consta,0
2024-03-29,Modigraf,0
2024-03-29,Bosentan Accord,0
2024-03-29,Leponex,0
2024-03-29,Etoricoxib Mylan,0
2024-03-29,Paracetamol KRKA,0
2024-03-29,Ibutabs,0
2024-03-29,Zolmitriptan Stada,0
2024-03-29,Ivermectin Medical Valley,0
2024-03-29,Bisoprolol Orion,0
2024-03-29,Strepsils Menthol,0
2024-03-29,Duphagol,0
2024-03-29,Tenofovir disoproxil Mylan,0
2024-03-29,Rosuvastatin/Ezetimibe ratiopharm,0
2024-03-29,Oramet,0
2024-03-29,Myfenax,0
2024-03-29,Metoclopramide Orion,0
2024-03-29,Linatil Comp,0
2024-03-29,Buprenorphine Stada,0
2024-03-29,Natrilix Retard,0
2024-03-29,Oftastad,0
2024-03-29,Micardisplus,0
2024-03-29,Dutasteride Ratiopharm,0
2024-03-29,Calquence,0
2024-03-29,Panacod,0
2024-03-29,Tavanic,0
2024-03-30,Oxycorion Depot,0
2024-03-30,Solifenacin Accord,0
2024-03-30,Olmesartan medoxomil Krka,0
2024-03-30,Atorvastatin Orion,0
2024-03-30,Emconcor,0
2024-03-30,Ongentys,0
2024-03-30,Lomudal,0
2024-03-30,Candexetil Comp,0
2024-03-30,Differin,0
2024-03-30,Ivabradine Accord,0
2024-03-30,Tasminetta,0
2024-03-30,Cozaar Comp,0
2024-03-30,Sitagliptin Grindeks,0
2024-03-30,Esomeprazol Actavis,0
2024-03-30,Zanipress,0
2024-03-30,Cetirizin-ratiopharm,0
2024-03-30,Levetiracetam Sandoz,0
2024-03-30,Vepesid,0
2024-03-30,Losartan/Hydrochlorothiazide Sandoz,0
2024-03-30,Icatibant Sandoz,0
2024-03-30,Tenofovir disoproxil STADA,0
2024-03-30,Ziextenzo,0
2024-03-30,Citalopram Vitabalans,0
2024-03-30,Elonva,0
2024-03-30,Emconcor Comp,0
2024-03-30,Replagal,0
2024-03-30,Deprakine,0
2024-03-30,Spiriva,0
2024-03-30,Flixonase,0
2024-03-30,Pergoveris,0
2024-03-30,Repaglinide Krka,0
2024-03-30,Cinacalcet Mylan,0
2024-03-30,Aripiprazole Orion,0
2024-03-30,Metoprolol Orion,0
2024-03-30,Testosterone ratiopharm,0
2024-03-30,Dasatinib Avansor,0
2024-03-30,Carbidopa/Levodopa Orion,0
2024-03-30,Lenalidomide Stada,0
2024-03-30,Coversyl Comp Novum,0
2024-03-30,Metomylan,0
2024-03-30,Losanova,0
2024-03-30,Adempas,0
2024-03-30,Kalcipos,0
2024-03-30,Memantine ratiopharm,0
2024-03-30,Voriconazole Sandoz,0
2024-03-30,Citalopram-Ratiopharm,0
2024-03-30,Losec MUPS,0
2024-03-30,Symtuza,0
2024-03-30,Lipanthyl Penta,0
2024-03-30,Atomoxetin Orion,0
2024-03-30,Imatinib ratiopharm,0
2024-03-30,Dymista,0
2024-03-30,Perindopril Krka,0
2024-03-30,Laktufarm,0
2024-03-30,Furesis,0
2024-03-30,Salofalk,0
2024-03-30,Erlotinib Krka,0
2024-03-30,Acidal,0
2024-03-30,Enalapril Comp Ratiopharm,0
2024-03-30,Lisinopril Ratiopharm,0
2024-03-30,Depo-Medrol,0
2024-03-30,Zonegran,0
2024-03-30,XALKORI,0
2024-03-30,Lumigan,0
2024-03-30,Zyban,0
2024-03-30,Zalasta,0
2024-03-30,Neurobion forte,0
2024-03-30,Primovist,0
2024-03-30,Doximed,0
2024-03-30,Hydofon,0
2024-03-30,Sitagliptin/Metformin STADA,0
2024-03-30,Glaukostad,0
2024-03-30,Myrelez,0
2024-03-30,Clindamycin MIP,0
2024-03-30,Risperdal Consta,0
2024-03-30,Modigraf,0
2024-03-30,Bosentan Accord,0
2024-03-30,Leponex,0
2024-03-30,Etoricoxib Mylan,0
2024-03-30,Paracetamol KRKA,0
2024-03-30,Ibutabs,0
2024-03-30,Zolmitriptan Stada,0
2024-03-30,Ivermectin Medical Valley,0
2024-03-30,Bisoprolol Orion,0
2024-03-30,Strepsils Menthol,0
2024-03-30,Duphagol,0
2024-03-30,Tenofovir disoproxil Mylan,0
2024-03-30,Rosuvastatin/Ezetimibe ratiopharm,0
2024-03-30,Oramet,0
2024-03-30,Myfenax,0
2024-03-30,Metoclopramide Orion,0
2024-03-30,Linatil Comp,0
2024-03-30,Buprenorphine Stada,0
2024-03-30,Natrilix Retard,0
2024-03-30,Oftastad,0
2024-03-30,Micardisplus,0
2024-03-30,Dutasteride Ratiopharm,0
2024-03-30,Calquence,0
2024-03-30,Panacod,0
2024-03-30,Tavanic,0
2024-03-31,Oxycorion Depot,0
2024-03-31,Solifenacin Accord,0
2024-03-31,Olmesartan medoxomil Krka,0
2024-03-31,Atorvastatin Orion,0
2024-03-31,Emconcor,0
2024-03-31,Ongentys,0
2024-03-31,Lomudal,0
2024-03-31,Candexetil Comp,0
2024-03-31,Differin,0
2024-03-31,Ivabradine Accord,0
2024-03-31,Tasminetta,0
2024-03-31,Cozaar Comp,0
2024-03-31,Sitagliptin Grindeks,0
2024-03-31,Esomeprazol Actavis,0
2024-03-31,Zanipress,0
2024-03-31,Cetirizin-ratiopharm,0
2024-03-31,Levetiracetam Sandoz,0
2024-03-31,Vepesid,0
2024-03-31,Losartan/Hydrochlorothiazide Sandoz,0
2024-03-31,Icatibant Sandoz,0
2024-03-31,Tenofovir disoproxil STADA,0
2024-03-31,Ziextenzo,0
2024-03-31,Citalopram Vitabalans,0
2024-03-31,Elonva,0
2024-03-31,Emconcor Comp,0
2024-03-31,Replagal,0
2024-03-31,Deprakine,0
2024-03-31,Spiriva,0
2024-03-31,Flixonase,0
2024-03-31,Pergoveris,0
2024-03-31,Repaglinide Krka,0
2024-03-31,Cinacalcet Mylan,0
2024-03-31,Aripiprazole Orion,0
2024-03-31,Metoprolol Orion,0
2024-03-31,Testosterone ratiopharm,0
2024-03-31,Dasatinib Avansor,0
2024-03-31,Carbidopa/Levodopa Orion,0
2024-03-31,Lenalidomide Stada,0
2024-03-31,Coversyl Comp Novum,0
2024-03-31,Metomylan,0
2024-03-31,Losanova,0
2024-03-31,Adempas,0
2024-03-31,Kalcipos,0
2024-03-31,Memantine ratiopharm,0
2024-03-31,Voriconazole Sandoz,0
2024-03-31,Citalopram-Ratiopharm,0
2024-03-31,Losec MUPS,0
2024-03-31,Symtuza,0
2024-03-31,Lipanthyl Penta,0
2024-03-31,Atomoxetin Orion,0
2024-03-31,Imatinib ratiopharm,0
2024-03-31,Dymista,0
2024-03-31,Perindopril Krka,0
2024-03-31,Laktufarm,0
2024-03-31,Furesis,0
2024-03-31,Salofalk,0
2024-03-31,Erlotinib Krka,0
2024-03-31,Acidal,0
2024-03-31,Enalapril Comp Ratiopharm,0
2024-03-31,Lisinopril Ratiopharm,0
2024-03-31,Depo-Medrol,0
2024-03-31,Zonegran,0
2024-03-31,XALKORI,0
2024-03-31,Lumigan,0
2024-03-31,Zyban,0
2024-03-31,Zalasta,0
2024-03-31,Neurobion forte,0
2024-03-31,Primovist,0
2024-03-31,Doximed,0
2024-03-31,Hydofon,0
2024-03-31,Sitagliptin/Metformin STADA,0
2024-03-31,Glaukostad,0
2024-03-31,Myrelez,0
2024-03-31,Clindamycin MIP,0
2024-03-31,Risperdal Consta,0
2024-03-31,Modigraf,0
2024-03-31,Bosentan Accord,0
2024-03-31,Leponex,0
2024-03-31,Etoricoxib Mylan,0
2024-03-31,Paracetamol KRKA,0
2024-03-31,Ibutabs,0
2024-03-31,Zolmitriptan Stada,0
2024-03-31,Ivermectin Medical Valley,0
2024-03-31,Bisoprolol Orion,0
2024-03-31,Strepsils Menthol,0
2024-03-31,Duphagol,0
2024-03-31,Tenofovir disoproxil Mylan,0
2024-03-31,Rosuvastatin/Ezetimibe ratiopharm,0
2024-03-31,Oramet,0
2024-03-31,Myfenax,0
2024-03-31,Metoclopramide Orion,0
2024-03-31,Linatil Comp,0
2024-03-31,Buprenorphine Stada,0
2024-03-31,Natrilix Retard,0
2024-03-31,Oftastad,0
2024-03-31,Micardisplus,0
2024-03-31,Dutasteride Ratiopharm,0
2024-03-31,Calquence,0
2024-03-31,Panacod,0
2024-03-31,Tavanic,0
2024-04-01,Oxycorion Depot,0
2024-04-01,Solifenacin Accord,0
2024-04-01,Olmesartan medoxomil Krka,0
2024-04-01,Atorvastatin Orion,0
2024-04-01,Emconcor,0
2024-04-01,Ongentys,0
2024-04-01,Lomudal,0
2024-04-01,Candexetil Comp,0
2024-04-01,Differin,0
2024-04-01,Ivabradine Accord,0
2024-04-01,Tasminetta,0
2024-04-01,Cozaar Comp,0
2024-04-01,Sitagliptin Grindeks,0
2024-04-01,Esomeprazol Actavis,0
2024-04-01,Zanipress,0
2024-04-01,Cetirizin-ratiopharm,0
2024-04-01,Levetiracetam Sandoz,0
2024-04-01,Vepesid,0
2024-04-01,Losartan/Hydrochlorothiazide Sandoz,0
2024-04-01,Icatibant Sandoz,0
2024-04-01,Tenofovir disoproxil STADA,0
2024-04-01,Ziextenzo,0
2024-04-01,Citalopram Vitabalans,0
2024-04-01,Elonva,0
2024-04-01,Emconcor Comp,0
2024-04-01,Replagal,0
2024-04-01,Deprakine,0
2024-04-01,Spiriva,0
2024-04-01,Flixonase,0
2024-04-01,Pergoveris,0
2024-04-01,Repaglinide Krka,0
2024-04-01,Cinacalcet Mylan,0
2024-04-01,Aripiprazole Orion,0
2024-04-01,Metoprolol Orion,0
2024-04-01,Testosterone ratiopharm,0
2024-04-01,Dasatinib Avansor,0
2024-04-01,Carbidopa/Levodopa Orion,0
2024-04-01,Lenalidomide Stada,0
2024-04-01,Coversyl Comp Novum,0
2024-04-01,Metomylan,0
2024-04-01,Losanova,0
2024-04-01,Adempas,0
2024-04-01,Kalcipos,0
2024-04-01,Memantine ratiopharm,0
2024-04-01,Voriconazole Sandoz,0
2024-04-01,Citalopram-Ratiopharm,0
2024-04-01,Losec MUPS,0
2024-04-01,Symtuza,0
2024-04-01,Lipanthyl Penta,0
2024-04-01,Atomoxetin Orion,0
2024-04-01,Imatinib ratiopharm,0
2024-04-01,Dymista,0
2024-04-01,Perindopril Krka,0
2024-04-01,Laktufarm,0
2024-04-01,Furesis,0
2024-04-01,Salofalk,0
2024-04-01,Erlotinib Krka,0
2024-04-01,Acidal,0
2024-04-01,Enalapril Comp Ratiopharm,0
2024-04-01,Lisinopril Ratiopharm,0
2024-04-01,Depo-Medrol,0
2024-04-01,Zonegran,0
2024-04-01,XALKORI,0
2024-04-01,Lumigan,0
2024-04-01,Zyban,0
2024-04-01,Zalasta,0
2024-04-01,Neurobion forte,0
2024-04-01,Primovist,0
2024-04-01,Doximed,0
2024-04-01,Hydofon,0
2024-04-01,Sitagliptin/Metformin STADA,0
2024-04-01,Glaukostad,0
2024-04-01,Myrelez,0
2024-04-01,Clindamycin MIP,0
2024-04-01,Risperdal Consta,0
2024-04-01,Modigraf,0
2024-04-01,Bosentan Accord,0
2024-04-01,Leponex,0
2024-04-01,Etoricoxib Mylan,0
2024-04-01,Paracetamol KRKA,0
2024-04-01,Ibutabs,0
2024-04-01,Zolmitriptan Stada,0
2024-04-01,Ivermectin Medical Valley,0
2024-04-01,Bisoprolol Orion,0
2024-04-01,Strepsils Menthol,0
2024-04-01,Duphagol,0
2024-04-01,Tenofovir disoproxil Mylan,0
2024-04-01,Rosuvastatin/Ezetimibe ratiopharm,0
2024-04-01,Oramet,0
2024-04-01,Myfenax,0
2024-04-01,Metoclopramide Orion,0
2024-04-01,Linatil Comp,0
2024-04-01,Buprenorphine Stada,0
2024-04-01,Natrilix Retard,0
2024-04-01,Oftastad,0
2024-04-01,Micardisplus,0
2024-04-01,Dutasteride Ratiopharm,0
2024-04-01,Calquence,0
2024-04-01,Panacod,0
2024-04-01,Tavanic,0
2024-04-02,Oxycorion Depot,0
2024-04-02,Solifenacin Accord,0
2024-04-02,Olmesartan medoxomil Krka,0
2024-04-02,Atorvastatin Orion,0
2024-04-02,Emconcor,0
2024-04-02,Ongentys,0
2024-04-02,Lomudal,0
2024-04-02,Candexetil Comp,0
2024-04-02,Differin,0
2024-04-02,Ivabradine Accord,0
2024-04-02,Tasminetta,0
2024-04-02,Cozaar Comp,0
2024-04-02,Sitagliptin Grindeks,0
2024-04-02,Esomeprazol Actavis,0
2024-04-02,Zanipress,0
2024-04-02,Cetirizin-ratiopharm,0
2024-04-02,Levetiracetam Sandoz,0
2024-04-02,Vepesid,0
2024-04-02,Losartan/Hydrochlorothiazide Sandoz,0
2024-04-02,Icatibant Sandoz,0
2024-04-02,Tenofovir disoproxil STADA,0
2024-04-02,Ziextenzo,0
2024-04-02,Citalopram Vitabalans,0
2024-04-02,Elonva,0
2024-04-02,Emconcor Comp,0
2024-04-02,Replagal,0
2024-04-02,Deprakine,0
2024-04-02,Spiriva,0
2024-04-02,Flixonase,0
2024-04-02,Pergoveris,0
2024-04-02,Repaglinide Krka,0
2024-04-02,Cinacalcet Mylan,0
2024-04-02,Aripiprazole Orion,0
2024-04-02,Metoprolol Orion,0
2024-04-02,Testosterone ratiopharm,0
2024-04-02,Dasatinib Avansor,0
2024-04-02,Carbidopa/Levodopa Orion,0
2024-04-02,Lenalidomide Stada,0
2024-04-02,Coversyl Comp Novum,0
2024-04-02,Metomylan,0
2024-04-02,Losanova,0
2024-04-02,Adempas,0
2024-04-02,Kalcipos,0
2024-04-02,Memantine ratiopharm,0
2024-04-02,Voriconazole Sandoz,0
2024-04-02,Citalopram-Ratiopharm,0
2024-04-02,Losec MUPS,0
2024-04-02,Symtuza,0
2024-04-02,Lipanthyl Penta,0
2024-04-02,Atomoxetin Orion,0
2024-04-02,Imatinib ratiopharm,0
2024-04-02,Dymista,0
2024-04-02,Perindopril Krka,0
2024-04-02,Laktufarm,0
2024-04-02,Furesis,0
2024-04-02,Salofalk,0
2024-04-02,Erlotinib Krka,0
2024-04-02,Acidal,0
2024-04-02,Enalapril Comp Ratiopharm,0
2024-04-02,Lisinopril Ratiopharm,0
2024-04-02,Depo-Medrol,0
2024-04-02,Zonegran,0
2024-04-02,XALKORI,0
2024-04-02,Lumigan,0
2024-04-02,Zyban,0
2024-04-02,Zalasta,0
2024-04-02,Neurobion forte,0
2024-04-02,Primovist,0
2024-04-02,Doximed,0
2024-04-02,Hydofon,0
2024-04-02,Sitagliptin/Metformin STADA,0
2024-04-02,Glaukostad,0
2024-04-02,Myrelez,0
2024-04-02,Clindamycin MIP,0
2024-04-02,Risperdal Consta,0
2024-04-02,Modigraf,0
2024-04-02,Bosentan Accord,0
2024-04-02,Leponex,0
2024-04-02,Etoricoxib Mylan,0
2024-04-02,Paracetamol KRKA,0
2024-04-02,Ibutabs,0
2024-04-02,Zolmitriptan Stada,0
2024-04-02,Ivermectin Medical Valley,0
2024-04-02,Bisoprolol Orion,0
2024-04-02,Strepsils Menthol,0
2024-04-02,Duphagol,0
2024-04-02,Tenofovir disoproxil Mylan,0
2024-04-02,Rosuvastatin/Ezetimibe ratiopharm,0
2024-04-02,Oramet,0
2024-04-02,Myfenax,0
2024-04-02,Metoclopramide Orion,0
2024-04-02,Linatil Comp,0
2024-04-02,Buprenorphine Stada,0
2024-04-02,Natrilix Retard,0
2024-04-02,Oftastad,0
2024-04-02,Micardisplus,0
2024-04-02,Dutasteride Ratiopharm,0
2024-04-02,Calquence,0
2024-04-02,Panacod,0
2024-04-02,Tavanic,0
2024-04-03,Oxycorion Depot,0
2024-04-03,Solifenacin Accord,0
2024-04-03,Olmesartan medoxomil Krka,0
2024-04-03,Atorvastatin Orion,0
2024-04-03,Emconcor,0.05
2024-04-03,Ongentys,0.0
2024-04-03,Lomudal,0
2024-04-03,Candexetil Comp,0
2024-04-03,Differin,0
2024-04-03,Ivabradine Accord,0
2024-04-03,Tasminetta,0
2024-04-03,Cozaar Comp,0
2024-04-03,Sitagliptin Grindeks,0
2024-04-03,Esomeprazol Actavis,0
2024-04-03,Zanipress,0
2024-04-03,Cetirizin-ratiopharm,0
2024-04-03,Levetiracetam Sandoz,0
2024-04-03,Vepesid,0
2024-04-03,Losartan/Hydrochlorothiazide Sandoz,0
2024-04-03,Icatibant Sandoz,0
2024-04-03,Tenofovir disoproxil STADA,0
2024-04-03,Ziextenzo,0
2024-04-03,Citalopram Vitabalans,0
2024-04-03,Elonva,0.5
2024-04-03,Emconcor Comp,0
2024-04-03,Replagal,0
2024-04-03,Deprakine,0
2024-04-03,Spiriva,0.0
2024-04-03,Flixonase,0.07
2024-04-03,Pergoveris,0
2024-04-03,Repaglinide Krka,0
2024-04-03,Cinacalcet Mylan,0
2024-04-03,Aripiprazole Orion,0
2024-04-03,Metoprolol Orion,0
2024-04-03,Testosterone ratiopharm,0
2024-04-03,Dasatinib Avansor,0
2024-04-03,Carbidopa/Levodopa Orion,0
2024-04-03,Lenalidomide Stada,0
2024-04-03,Coversyl Comp Novum,0
2024-04-03,Metomylan,0
2024-04-03,Losanova,0.5
2024-04-03,Adempas,0.5
2024-04-03,Kalcipos,0
2024-04-03,Memantine ratiopharm,0
2024-04-03,Voriconazole Sandoz,0
2024-04-03,Citalopram-Ratiopharm,0.1
2024-04-03,Losec MUPS,0
2024-04-03,Symtuza,0
2024-04-03,Lipanthyl Penta,0
2024-04-03,Atomoxetin Orion,0
2024-04-03,Imatinib ratiopharm,0
2024-04-03,Dymista,0
2024-04-03,Perindopril Krka,0
2024-04-03,Laktufarm,0.5
2024-04-03,Furesis,0.5
2024-04-03,Salofalk,0
2024-04-03,Erlotinib Krka,0
2024-04-03,Acidal,0.5
2024-04-03,Enalapril Comp Ratiopharm,0.0
2024-04-03,Lisinopril Ratiopharm,0
2024-04-03,Depo-Medrol,0
2024-04-03,Zonegran,0
2024-04-03,XALKORI,0
2024-04-03,Lumigan,0
2024-04-03,Zyban,0
2024-04-03,Zalasta,0
2024-04-03,Neurobion forte,0
2024-04-03,Primovist,0
2024-04-03,Doximed,0
2024-04-03,Hydofon,0
2024-04-03,Sitagliptin/Metformin STADA,0
2024-04-03,Glaukostad,0
2024-04-03,Myrelez,0.5
2024-04-03,Clindamycin MIP,0
2024-04-03,Risperdal Consta,0
2024-04-03,Modigraf,0
2024-04-03,Bosentan Accord,0
2024-04-03,Leponex,0
2024-04-03,Etoricoxib Mylan,0
2024-04-03,Paracetamol KRKA,0
2024-04-03,Ibutabs,0.5
2024-04-03,Zolmitriptan Stada,0
2024-04-03,Ivermectin Medical Valley,0
2024-04-03,Bisoprolol Orion,0
2024-04-03,Strepsils Menthol,0
2024-04-03,Duphagol,0
2024-04-03,Tenofovir disoproxil Mylan,0
2024-04-03,Rosuvastatin/Ezetimibe ratiopharm,0
2024-04-03,Oramet,0
2024-04-03,Myfenax,0
2024-04-03,Metoclopramide Orion,0
2024-04-03,Linatil Comp,0
2024-04-03,Buprenorphine Stada,0
2024-04-03,Natrilix Retard,0.05
2024-04-03,Oftastad,0
2024-04-03,Micardisplus,0
2024-04-03,Dutasteride Ratiopharm,0
2024-04-03,Calquence,0
2024-04-03,Panacod,0
2024-04-03,Tavanic,0.5
2024-04-04,Oxycorion Depot,0
2024-04-04,Solifenacin Accord,0
2024-04-04,Olmesartan medoxomil Krka,0
2024-04-04,Atorvastatin Orion,0
2024-04-04,Emconcor,0
2024-04-04,Ongentys,0
2024-04-04,Lomudal,0.5
2024-04-04,Candexetil Comp,0
2024-04-04,Differin,0
2024-04-04,Ivabradine Accord,0
2024-04-04,Tasminetta,0
2024-04-04,Cozaar Comp,0
2024-04-04,Sitagliptin Grindeks,0
2024-04-04,Esomeprazol Actavis,0
2024-04-04,Zanipress,0
2024-04-04,Cetirizin-ratiopharm,0
2024-04-04,Levetiracetam Sandoz,0
2024-04-04,Vepesid,0
2024-04-04,Losartan/Hydrochlorothiazide Sandoz,0
2024-04-04,Icatibant Sandoz,0
2024-04-04,Tenofovir disoproxil STADA,0
2024-04-04,Ziextenzo,0
2024-04-04,Citalopram Vitabalans,0
2024-04-04,Elonva,0
2024-04-04,Emconcor Comp,0
2024-04-04,Replagal,0
2024-04-04,Deprakine,0
2024-04-04,Spiriva,0
2024-04-04,Flixonase,0
2024-04-04,Pergoveris,0
2024-04-04,Repaglinide Krka,0
2024-04-04,Cinacalcet Mylan,0
2024-04-04,Aripiprazole Orion,0
2024-04-04,Metoprolol Orion,0
2024-04-04,Testosterone ratiopharm,0
2024-04-04,Dasatinib Avansor,0
2024-04-04,Carbidopa/Levodopa Orion,0
2024-04-04,Lenalidomide Stada,0
2024-04-04,Coversyl Comp Novum,0
2024-04-04,Metomylan,0
2024-04-04,Losanova,0
2024-04-04,Adempas,0
2024-04-04,Kalcipos,0
2024-04-04,Memantine ratiopharm,0
2024-04-04,Voriconazole Sandoz,0
2024-04-04,Citalopram-Ratiopharm,0
2024-04-04,Losec MUPS,0
2024-04-04,Symtuza,0
2024-04-04,Lipanthyl Penta,0
2024-04-04,Atomoxetin Orion,0
2024-04-04,Imatinib ratiopharm,0
2024-04-04,Dymista,0
2024-04-04,Perindopril Krka,0
2024-04-04,Laktufarm,0
2024-04-04,Furesis,0
2024-04-04,Salofalk,0
2024-04-04,Erlotinib Krka,0.0
2024-04-04,Acidal,0
2024-04-04,Enalapril Comp Ratiopharm,0
2024-04-04,Lisinopril Ratiopharm,0
2024-04-04,Depo-Medrol,0.0
2024-04-04,Zonegran,0
2024-04-04,XALKORI,0
2024-04-04,Lumigan,0
2024-04-04,Zyban,0
2024-04-04,Zalasta,0
2024-04-04,Neurobion forte,0
2024-04-04,Primovist,0
2024-04-04,Doximed,0
2024-04-04,Hydofon,0
2024-04-04,Sitagliptin/Metformin STADA,0
2024-04-04,Glaukostad,0
2024-04-04,Myrelez,0
2024-04-04,Clindamycin MIP,0
2024-04-04,Risperdal Consta,0
2024-04-04,Modigraf,0
2024-04-04,Bosentan Accord,0
2024-04-04,Leponex,0
2024-04-04,Etoricoxib Mylan,0
2024-04-04,Paracetamol KRKA,0
2024-04-04,Ibutabs,0
2024-04-04,Zolmitriptan Stada,0
2024-04-04,Ivermectin Medical Valley,0
2024-04-04,Bisoprolol Orion,0
2024-04-04,Strepsils Menthol,0
2024-04-04,Duphagol,0
2024-04-04,Tenofovir disoproxil Mylan,0
2024-04-04,Rosuvastatin/Ezetimibe ratiopharm,0
2024-04-04,Oramet,0
2024-04-04,Myfenax,0
2024-04-04,Metoclopramide Orion,0
2024-04-04,Linatil Comp,0
2024-04-04,Buprenorphine Stada,0
2024-04-04,Natrilix Retard,0
2024-04-04,Oftastad,0
2024-04-04,Micardisplus,0
2024-04-04,Dutasteride Ratiopharm,0
2024-04-04,Calquence,0
2024-04-04,Panacod,0
2024-04-04,Tavanic,0
2024-04-05,Oxycorion Depot,0
2024-04-05,Solifenacin Accord,0
2024-04-05,Olmesartan medoxomil Krka,0
2024-04-05,Atorvastatin Orion,0
2024-04-05,Emconcor,0
2024-04-05,Ongentys,0
2024-04-05,Lomudal,0
2024-04-05,Candexetil Comp,0
2024-04-05,Differin,0
2024-04-05,Ivabradine Accord,0
2024-04-05,Tasminetta,0
2024-04-05,Cozaar Comp,0
2024-04-05,Sitagliptin Grindeks,0
2024-04-05,Esomeprazol Actavis,0
2024-04-05,Zanipress,0
2024-04-05,Cetirizin-ratiopharm,0.2
2024-04-05,Levetiracetam Sandoz,0
2024-04-05,Vepesid,0
2024-04-05,Losartan/Hydrochlorothiazide Sandoz,0
2024-04-05,Icatibant Sandoz,0
2024-04-05,Tenofovir disoproxil STADA,0
2024-04-05,Ziextenzo,0
2024-04-05,Citalopram Vitabalans,0
2024-04-05,Elonva,0
2024-04-05,Emconcor Comp,0
2024-04-05,Replagal,0
2024-04-05,Deprakine,0
2024-04-05,Spiriva,0
2024-04-05,Flixonase,0
2024-04-05,Pergoveris,0
2024-04-05,Repaglinide Krka,0
2024-04-05,Cinacalcet Mylan,0
2024-04-05,Aripiprazole Orion,0
2024-04-05,Metoprolol Orion,0
2024-04-05,Testosterone ratiopharm,0
2024-04-05,Dasatinib Avansor,0
2024-04-05,Carbidopa/Levodopa Orion,0
2024-04-05,Lenalidomide Stada,0
2024-04-05,Coversyl Comp Novum,0
2024-04-05,Metomylan,0.1
2024-04-05,Losanova,0
2024-04-05,Adempas,0
2024-04-05,Kalcipos,0
2024-04-05,Memantine ratiopharm,0
2024-04-05,Voriconazole Sandoz,0
2024-04-05,Citalopram-Ratiopharm,0
2024-04-05,Losec MUPS,0
2024-04-05,Symtuza,0
2024-04-05,Lipanthyl Penta,0.2
2024-04-05,Atomoxetin Orion,0.1
2024-04-05,Imatinib ratiopharm,0
2024-04-05,Dymista,0
2024-04-05,Perindopril Krka,0
2024-04-05,Laktufarm,0
2024-04-05,Furesis,0
2024-04-05,Salofalk,0
2024-04-05,Erlotinib Krka,0
2024-04-05,Acidal,0
2024-04-05,Enalapril Comp Ratiopharm,0
2024-04-05,Lisinopril Ratiopharm,0
2024-04-05,Depo-Medrol,0
2024-04-05,Zonegran,0
2024-04-05,XALKORI,0
2024-04-05,Lumigan,0
2024-04-05,Zyban,0
2024-04-05,Zalasta,0
2024-04-05,Neurobion forte,0.07
2024-04-05,Primovist,0
2024-04-05,Doximed,0
2024-04-05,Hydofon,0
2024-04-05,Sitagliptin/Metformin STADA,0
2024-04-05,Glaukostad,0
2024-04-05,Myrelez,0
2024-04-05,Clindamycin MIP,0
2024-04-05,Risperdal Consta,0
2024-04-05,Modigraf,0
2024-04-05,Bosentan Accord,0
2024-04-05,Leponex,0
2024-04-05,Etoricoxib Mylan,0
2024-04-05,Paracetamol KRKA,0
2024-04-05,Ibutabs,0
2024-04-05,Zolmitriptan Stada,0
2024-04-05,Ivermectin Medical Valley,0.2
2024-04-05,Bisoprolol Orion,0
2024-04-05,Strepsils Menthol,0
2024-04-05,Duphagol,0
2024-04-05,Tenofovir disoproxil Mylan,0
2024-04-05,Rosuvastatin/Ezetimibe ratiopharm,0
2024-04-05,Oramet,0
2024-04-05,Myfenax,0
2024-04-05,Metoclopramide Orion,0
2024-04-05,Linatil Comp,0
2024-04-05,Buprenorphine Stada,0
2024-04-05,Natrilix Retard,0.2
2024-04-05,Oftastad,0
2024-04-05,Micardisplus,0.2
2024-04-05,Dutasteride Ratiopharm,0.2
2024-04-05,Calquence,0
2024-04-05,Panacod,0.5
2024-04-05,Tavanic,0.2
2024-04-06,Oxycorion Depot,0
2024-04-06,Solifenacin Accord,0
2024-04-06,Olmesartan medoxomil Krka,0
2024-04-06,Atorvastatin Orion,0
2024-04-06,Emconcor,0
2024-04-06,Ongentys,0
2024-04-06,Lomudal,0
2024-04-06,Candexetil Comp,0
2024-04-06,Differin,0
2024-04-06,Ivabradine Accord,0
2024-04-06,Tasminetta,0
2024-04-06,Cozaar Comp,0
2024-04-06,Sitagliptin Grindeks,0
2024-04-06,Esomeprazol Actavis,0
2024-04-06,Zanipress,0
2024-04-06,Cetirizin-ratiopharm,0
2024-04-06,Levetiracetam Sandoz,0
2024-04-06,Vepesid,0
2024-04-06,Losartan/Hydrochlorothiazide Sandoz,0
2024-04-06,Icatibant Sandoz,0
2024-04-06,Tenofovir disoproxil STADA,0
2024-04-06,Ziextenzo,0
2024-04-06,Citalopram Vitabalans,0
2024-04-06,Elonva,0
2024-04-06,Emconcor Comp,0
2024-04-06,Replagal,0
2024-04-06,Deprakine,0
2024-04-06,Spiriva,0
2024-04-06,Flixonase,0
2024-04-06,Pergoveris,0
2024-04-06,Repaglinide Krka,0
2024-04-06,Cinacalcet Mylan,0
2024-04-06,Aripiprazole Orion,0
2024-04-06,Metoprolol Orion,0
2024-04-06,Testosterone ratiopharm,0
2024-04-06,Dasatinib Avansor,0
2024-04-06,Carbidopa/Levodopa Orion,0
2024-04-06,Lenalidomide Stada,0
2024-04-06,Coversyl Comp Novum,0
2024-04-06,Metomylan,0
2024-04-06,Losanova,0
2024-04-06,Adempas,0
2024-04-06,Kalcipos,0
2024-04-06,Memantine ratiopharm,0
2024-04-06,Voriconazole Sandoz,0
2024-04-06,Citalopram-Ratiopharm,0
2024-04-06,Losec MUPS,0
2024-04-06,Symtuza,0
2024-04-06,Lipanthyl Penta,0
2024-04-06,Atomoxetin Orion,0
2024-04-06,Imatinib ratiopharm,0
2024-04-06,Dymista,0
2024-04-06,Perindopril Krka,0
2024-04-06,Laktufarm,0
2024-04-06,Furesis,0
2024-04-06,Salofalk,0
2024-04-06,Erlotinib Krka,0
2024-04-06,Acidal,0
2024-04-06,Enalapril Comp Ratiopharm,0
2024-04-06,Lisinopril Ratiopharm,0
2024-04-06,Depo-Medrol,0
2024-04-06,Zonegran,0
2024-04-06,XALKORI,0
2024-04-06,Lumigan,0
2024-04-06,Zyban,0
2024-04-06,Zalasta,0
2024-04-06,Neurobion forte,0
2024-04-06,Primovist,0
2024-04-06,Doximed,0
2024-04-06,Hydofon,0
2024-04-06,Sitagliptin/Metformin STADA,0
2024-04-06,Glaukostad,0
2024-04-06,Myrelez,0
2024-04-06,Clindamycin MIP,0
2024-04-06,Risperdal Consta,0
2024-04-06,Modigraf,0
2024-04-06,Bosentan Accord,0
2024-04-06,Leponex,0
2024-04-06,Etoricoxib Mylan,0
2024-04-06,Paracetamol KRKA,0
2024-04-06,Ibutabs,0
2024-04-06,Zolmitriptan Stada,0
2024-04-06,Ivermectin Medical Valley,0
2024-04-06,Bisoprolol Orion,0
2024-04-06,Strepsils Menthol,0
2024-04-06,Duphagol,0
2024-04-06,Tenofovir disoproxil Mylan,0
2024-04-06,Rosuvastatin/Ezetimibe ratiopharm,0
2024-04-06,Oramet,0
2024-04-06,Myfenax,0
2024-04-06,Metoclopramide Orion,0
2024-04-06,Linatil Comp,0
2024-04-06,Buprenorphine Stada,0
2024-04-06,Natrilix Retard,0
2024-04-06,Oftastad,0
2024-04-06,Micardisplus,0
2024-04-06,Dutasteride Ratiopharm,0
2024-04-06,Calquence,0
2024-04-06,Panacod,0
2024-04-06,Tavanic,0
2024-04-07,Oxycorion Depot,0
2024-04-07,Solifenacin Accord,0
2024-04-07,Olmesartan medoxomil Krka,0
2024-04-07,Atorvastatin Orion,0
2024-04-07,Emconcor,0
2024-04-07,Ongentys,0
2024-04-07,Lomudal,0
2024-04-07,Candexetil Comp,0
2024-04-07,Differin,0
2024-04-07,Ivabradine Accord,0
2024-04-07,Tasminetta,0
2024-04-07,Cozaar Comp,0
2024-04-07,Sitagliptin Grindeks,0
2024-04-07,Esomeprazol Actavis,0
2024-04-07,Zanipress,0.07
2024-04-07,Cetirizin-ratiopharm,0
2024-04-07,Levetiracetam Sandoz,0
2024-04-07,Vepesid,0
2024-04-07,Losartan/Hydrochlorothiazide Sandoz,0
2024-04-07,Icatibant Sandoz,0
2024-04-07,Tenofovir disoproxil STADA,0
2024-04-07,Ziextenzo,0
2024-04-07,Citalopram Vitabalans,0
2024-04-07,Elonva,0
2024-04-07,Emconcor Comp,0
2024-04-07,Replagal,0
2024-04-07,Deprakine,0
2024-04-07,Spiriva,0
2024-04-07,Flixonase,0
2024-04-07,Pergoveris,0
2024-04-07,Repaglinide Krka,0
2024-04-07,Cinacalcet Mylan,0
2024-04-07,Aripiprazole Orion,0
2024-04-07,Metoprolol Orion,0
2024-04-07,Testosterone ratiopharm,0
2024-04-07,Dasatinib Avansor,0
2024-04-07,Carbidopa/Levodopa Orion,0
2024-04-07,Lenalidomide Stada,0
2024-04-07,Coversyl Comp Novum,0
2024-04-07,Metomylan,0.07
2024-04-07,Losanova,0
2024-04-07,Adempas,0
2024-04-07,Kalcipos,0
2024-04-07,Memantine ratiopharm,0
2024-04-07,Voriconazole Sandoz,0
2024-04-07,Citalopram-Ratiopharm,0
2024-04-07,Losec MUPS,0.07
2024-04-07,Symtuza,0
2024-04-07,Lipanthyl Penta,0
2024-04-07,Atomoxetin Orion,0
2024-04-07,Imatinib ratiopharm,0
2024-04-07,Dymista,0
2024-04-07,Perindopril Krka,0
2024-04-07,Laktufarm,0
2024-04-07,Furesis,0
2024-04-07,Salofalk,0
2024-04-07,Erlotinib Krka,0
2024-04-07,Acidal,0
2024-04-07,Enalapril Comp Ratiopharm,0
2024-04-07,Lisinopril Ratiopharm,0
2024-04-07,Depo-Medrol,0
2024-04-07,Zonegran,0
2024-04-07,XALKORI,0
2024-04-07,Lumigan,0
2024-04-07,Zyban,0
2024-04-07,Zalasta,0
2024-04-07,Neurobion forte,0
2024-04-07,Primovist,0
2024-04-07,Doximed,0
2024-04-07,Hydofon,0
2024-04-07,Sitagliptin/Metformin STADA,0
2024-04-07,Glaukostad,0
2024-04-07,Myrelez,0
2024-04-07,Clindamycin MIP,0
2024-04-07,Risperdal Consta,0
2024-04-07,Modigraf,0
2024-04-07,Bosentan Accord,0
2024-04-07,Leponex,0
2024-04-07,Etoricoxib Mylan,0
2024-04-07,Paracetamol KRKA,0
2024-04-07,Ibutabs,0.05
2024-04-07,Zolmitriptan Stada,0
2024-04-07,Ivermectin Medical Valley,0
2024-04-07,Bisoprolol Orion,0
2024-04-07,Strepsils Menthol,0
2024-04-07,Duphagol,0
2024-04-07,Tenofovir disoproxil Mylan,0
2024-04-07,Rosuvastatin/Ezetimibe ratiopharm,0
2024-04-07,Oramet,0
2024-04-07,Myfenax,0
2024-04-07,Metoclopramide Orion,0
2024-04-07,Linatil Comp,0
2024-04-07,Buprenorphine Stada,0
2024-04-07,Natrilix Retard,0
2024-04-07,Oftastad,0
2024-04-07,Micardisplus,0
2024-04-07,Dutasteride Ratiopharm,0
2024-04-07,Calquence,0
2024-04-07,Panacod,0
2024-04-07,Tavanic,0
2024-04-08,Oxycorion Depot,0
2024-04-08,Solifenacin Accord,0
2024-04-08,Olmesartan medoxomil Krka,0
2024-04-08,Atorvastatin Orion,0
2024-04-08,Emconcor,0
2024-04-08,Ongentys,0
2024-04-08,Lomudal,0
2024-04-08,Candexetil Comp,0
2024-04-08,Differin,0
2024-04-08,Ivabradine Accord,0
2024-04-08,Tasminetta,0
2024-04-08,Cozaar Comp,0
2024-04-08,Sitagliptin Grindeks,0
2024-04-08,Esomeprazol Actavis,0
2024-04-08,Zanipress,0
2024-04-08,Cetirizin-ratiopharm,0
2024-04-08,Levetiracetam Sandoz,0
2024-04-08,Vepesid,0
2024-04-08,Losartan/Hydrochlorothiazide Sandoz,0
2024-04-08,Icatibant Sandoz,0
2024-04-08,Tenofovir disoproxil STADA,0
2024-04-08,Ziextenzo,0
2024-04-08,Citalopram Vitabalans,0
2024-04-08,Elonva,0
2024-04-08,Emconcor Comp,0
2024-04-08,Replagal,0
2024-04-08,Deprakine,0
2024-04-08,Spiriva,0
2024-04-08,Flixonase,0
2024-04-08,Pergoveris,0
2024-04-08,Repaglinide Krka,0
2024-04-08,Cinacalcet Mylan,0
2024-04-08,Aripiprazole Orion,0
2024-04-08,Metoprolol Orion,0
2024-04-08,Testosterone ratiopharm,0
2024-04-08,Dasatinib Avansor,0
2024-04-08,Carbidopa/Levodopa Orion,0
2024-04-08,Lenalidomide Stada,0
2024-04-08,Coversyl Comp Novum,0
2024-04-08,Metomylan,0
2024-04-08,Losanova,0
2024-04-08,Adempas,0
2024-04-08,Kalcipos,0
2024-04-08,Memantine ratiopharm,0
2024-04-08,Voriconazole Sandoz,0
2024-04-08,Citalopram-Ratiopharm,0
2024-04-08,Losec MUPS,0
2024-04-08,Symtuza,0
2024-04-08,Lipanthyl Penta,0
2024-04-08,Atomoxetin Orion,0
2024-04-08,Imatinib ratiopharm,0
2024-04-08,Dymista,0
2024-04-08,Perindopril Krka,0
2024-04-08,Laktufarm,0.5
2024-04-08,Furesis,0
2024-04-08,Salofalk,0
2024-04-08,Erlotinib Krka,0
2024-04-08,Acidal,0
2024-04-08,Enalapril Comp Ratiopharm,0
2024-04-08,Lisinopril Ratiopharm,0
2024-04-08,Depo-Medrol,0
2024-04-08,Zonegran,0
2024-04-08,XALKORI,0
2024-04-08,Lumigan,0
2024-04-08,Zyban,0
2024-04-08,Zalasta,0
2024-04-08,Neurobion forte,0
2024-04-08,Primovist,0
2024-04-08,Doximed,0
2024-04-08,Hydofon,0
2024-04-08,Sitagliptin/Metformin STADA,0
2024-04-08,Glaukostad,0
2024-04-08,Myrelez,0
2024-04-08,Clindamycin MIP,0
2024-04-08,Risperdal Consta,0
2024-04-08,Modigraf,0
2024-04-08,Bosentan Accord,0
2024-04-08,Leponex,0
2024-04-08,Etoricoxib Mylan,0
2024-04-08,Paracetamol KRKA,0
2024-04-08,Ibutabs,0
2024-04-08,Zolmitriptan Stada,0
2024-04-08,Ivermectin Medical Valley,0
2024-04-08,Bisoprolol Orion,0
2024-04-08,Strepsils Menthol,0
2024-04-08,Duphagol,0
2024-04-08,Tenofovir disoproxil Mylan,0
2024-04-08,Rosuvastatin/Ezetimibe ratiopharm,0
2024-04-08,Oramet,0
2024-04-08,Myfenax,0
2024-04-08,Metoclopramide Orion,0
2024-04-08,Linatil Comp,0
2024-04-08,Buprenorphine Stada,0
2024-04-08,Natrilix Retard,0.2
2024-04-08,Oftastad,0
2024-04-08,Micardisplus,0
2024-04-08,Dutasteride Ratiopharm,0
2024-04-08,Calquence,0
2024-04-08,Panacod,0
2024-04-08,Tavanic,0
2024-04-09,Oxycorion Depot,0
2024-04-09,Solifenacin Accord,0
2024-04-09,Olmesartan medoxomil Krka,0
2024-04-09,Atorvastatin Orion,0
2024-04-09,Emconcor,0
2024-04-09,Ongentys,0
2024-04-09,Lomudal,0
2024-04-09,Candexetil Comp,0
2024-04-09,Differin,0
2024-04-09,Ivabradine Accord,0
2024-04-09,Tasminetta,0
2024-04-09,Cozaar Comp,0
2024-04-09,Sitagliptin Grindeks,0
2024-04-09,Esomeprazol Actavis,0
2024-04-09,Zanipress,0.2
2024-04-09,Cetirizin-ratiopharm,0
2024-04-09,Levetiracetam Sandoz,0.2
2024-04-09,Vepesid,0
2024-04-09,Losartan/Hydrochlorothiazide Sandoz,0
2024-04-09,Icatibant Sandoz,0
2024-04-09,Tenofovir disoproxil STADA,0
2024-04-09,Ziextenzo,0
2024-04-09,Citalopram Vitabalans,0.2
2024-04-09,Elonva,0.5
2024-04-09,Emconcor Comp,0
2024-04-09,Replagal,0
2024-04-09,Deprakine,0
2024-04-09,Spiriva,0
2024-04-09,Flixonase,0
2024-04-09,Pergoveris,0.2
2024-04-09,Repaglinide Krka,0
2024-04-09,Cinacalcet Mylan,0
2024-04-09,Aripiprazole Orion,0
2024-04-09,Metoprolol Orion,0
2024-04-09,Testosterone ratiopharm,0
2024-04-09,Dasatinib Avansor,0
2024-04-09,Carbidopa/Levodopa Orion,0
2024-04-09,Lenalidomide Stada,0
2024-04-09,Coversyl Comp Novum,0
2024-04-09,Metomylan,0.5
2024-04-09,Losanova,0
2024-04-09,Adempas,0
2024-04-09,Kalcipos,0
2024-04-09,Memantine ratiopharm,0.2
2024-04-09,Voriconazole Sandoz,0
2024-04-09,Citalopram-Ratiopharm,0
2024-04-09,Losec MUPS,0
2024-04-09,Symtuza,0.2
2024-04-09,Lipanthyl Penta,0
2024-04-09,Atomoxetin Orion,0
2024-04-09,Imatinib ratiopharm,0
2024-04-09,Dymista,0
2024-04-09,Perindopril Krka,0
2024-04-09,Laktufarm,0.2
2024-04-09,Furesis,0
2024-04-09,Salofalk,0
2024-04-09,Erlotinib Krka,0
2024-04-09,Acidal,0
2024-04-09,Enalapril Comp Ratiopharm,0
2024-04-09,Lisinopril Ratiopharm,0
2024-04-09,Depo-Medrol,0
2024-04-09,Zonegran,0
2024-04-09,XALKORI,0
2024-04-09,Lumigan,0
2024-04-09,Zyban,0
2024-04-09,Zalasta,0
2024-04-09,Neurobion forte,0.5
2024-04-09,Primovist,0
2024-04-09,Doximed,0
2024-04-09,Hydofon,0
2024-04-09,Sitagliptin/Metformin STADA,0
2024-04-09,Glaukostad,0.2
2024-04-09,Myrelez,0
2024-04-09,Clindamycin MIP,0
2024-04-09,Risperdal Consta,0.2
2024-04-09,Modigraf,0
2024-04-09,Bosentan Accord,0
2024-04-09,Leponex,0
2024-04-09,Etoricoxib Mylan,0
2024-04-09,Paracetamol KRKA,0
2024-04-09,Ibutabs,0
2024-04-09,Zolmitriptan Stada,0.2
2024-04-09,Ivermectin Medical Valley,0
2024-04-09,Bisoprolol Orion,0
2024-04-09,Strepsils Menthol,0
2024-04-09,Duphagol,0
2024-04-09,Tenofovir disoproxil Mylan,0
2024-04-09,Rosuvastatin/Ezetimibe ratiopharm,0
2024-04-09,Oramet,0
2024-04-09,Myfenax,0.2
2024-04-09,Metoclopramide Orion,0
2024-04-09,Linatil Comp,0
2024-04-09,Buprenorphine Stada,0
2024-04-09,Natrilix Retard,0
2024-04-09,Oftastad,0
2024-04-09,Micardisplus,0
2024-04-09,Dutasteride Ratiopharm,0
2024-04-09,Calquence,0
2024-04-09,Panacod,0.2
2024-04-09,Tavanic,0.5
2024-04-10,Oxycorion Depot,0
2024-04-10,Solifenacin Accord,0
2024-04-10,Olmesartan medoxomil Krka,0
2024-04-10,Atorvastatin Orion,0
2024-04-10,Emconcor,0
2024-04-10,Ongentys,0
2024-04-10,Lomudal,0
2024-04-10,Candexetil Comp,0
2024-04-10,Differin,0
2024-04-10,Ivabradine Accord,0.2
2024-04-10,Tasminetta,0
2024-04-10,Cozaar Comp,0
2024-04-10,Sitagliptin Grindeks,0
2024-04-10,Esomeprazol Actavis,0
2024-04-10,Zanipress,0.5
2024-04-10,Cetirizin-ratiopharm,0
2024-04-10,Levetiracetam Sandoz,0
2024-04-10,Vepesid,0
2024-04-10,Losartan/Hydrochlorothiazide Sandoz,0
2024-04-10,Icatibant Sandoz,0
2024-04-10,Tenofovir disoproxil STADA,0
2024-04-10,Ziextenzo,0
2024-04-10,Citalopram Vitabalans,0
2024-04-10,Elonva,0
2024-04-10,Emconcor Comp,0
2024-04-10,Replagal,0
2024-04-10,Deprakine,0
2024-04-10,Spiriva,0
2024-04-10,Flixonase,0
2024-04-10,Pergoveris,0
2024-04-10,Repaglinide Krka,0
2024-04-10,Cinacalcet Mylan,0
2024-04-10,Aripiprazole Orion,0
2024-04-10,Metoprolol Orion,0
2024-04-10,Testosterone ratiopharm,0
2024-04-10,Dasatinib Avansor,0
2024-04-10,Carbidopa/Levodopa Orion,0
2024-04-10,Lenalidomide Stada,0
2024-04-10,Coversyl Comp Novum,0
2024-04-10,Metomylan,0
2024-04-10,Losanova,0
2024-04-10,Adempas,0.5
2024-04-10,Kalcipos,0
2024-04-10,Memantine ratiopharm,0
2024-04-10,Voriconazole Sandoz,0
2024-04-10,Citalopram-Ratiopharm,0
2024-04-10,Losec MUPS,0
2024-04-10,Symtuza,0
2024-04-10,Lipanthyl Penta,0
2024-04-10,Atomoxetin Orion,0
2024-04-10,Imatinib ratiopharm,0
2024-04-10,Dymista,0
2024-04-10,Perindopril Krka,0.2
2024-04-10,Laktufarm,0
2024-04-10,Furesis,0
2024-04-10,Salofalk,0
2024-04-10,Erlotinib Krka,0
2024-04-10,Acidal,0
2024-04-10,Enalapril Comp Ratiopharm,0
2024-04-10,Lisinopril Ratiopharm,0
2024-04-10,Depo-Medrol,0
2024-04-10,Zonegran,0
2024-04-10,XALKORI,0
2024-04-10,Lumigan,0
2024-04-10,Zyban,0
2024-04-10,Zalasta,0
2024-04-10,Neurobion forte,0
2024-04-10,Primovist,0
2024-04-10,Doximed,0
2024-04-10,Hydofon,0
2024-04-10,Sitagliptin/Metformin STADA,0
2024-04-10,Glaukostad,0
2024-04-10,Myrelez,0
2024-04-10,Clindamycin MIP,0.4
2024-04-10,Risperdal Consta,0
2024-04-10,Modigraf,0
2024-04-10,Bosentan Accord,0
2024-04-10,Leponex,0
2024-04-10,Etoricoxib Mylan,0
2024-04-10,Paracetamol KRKA,0
2024-04-10,Ibutabs,0
2024-04-10,Zolmitriptan Stada,0
2024-04-10,Ivermectin Medical Valley,0
2024-04-10,Bisoprolol Orion,0
2024-04-10,Strepsils Menthol,0
2024-04-10,Duphagol,0
2024-04-10,Tenofovir disoproxil Mylan,0
2024-04-10,Rosuvastatin/Ezetimibe ratiopharm,0
2024-04-10,Oramet,0
2024-04-10,Myfenax,0
2024-04-10,Metoclopramide Orion,0
2024-04-10,Linatil Comp,0
2024-04-10,Buprenorphine Stada,0
2024-04-10,Natrilix Retard,0
2024-04-10,Oftastad,0
2024-04-10,Micardisplus,0
2024-04-10,Dutasteride Ratiopharm,0
2024-04-10,Calquence,0
2024-04-10,Panacod,0
2024-04-10,Tavanic,0
2024-04-11,Oxycorion Depot,0.7
2024-04-11,Solifenacin Accord,0.5
2024-04-11,Olmesartan medoxomil Krka,0
2024-04-11,Atorvastatin Orion,0
2024-04-11,Emconcor,0.7
2024-04-11,Ongentys,0.2
2024-04-11,Lomudal,0.5
2024-04-11,Candexetil Comp,0
2024-04-11,Differin,0.7
2024-04-11,Ivabradine Accord,0
2024-04-11,Tasminetta,0.2
2024-04-11,Cozaar Comp,0.5
2024-04-11,Sitagliptin Grindeks,0
2024-04-11,Esomeprazol Actavis,0.05
2024-04-11,Zanipress,0.7
2024-04-11,Cetirizin-ratiopharm,0
2024-04-11,Levetiracetam Sandoz,0
2024-04-11,Vepesid,0.7
2024-04-11,Losartan/Hydrochlorothiazide Sandoz,0
2024-04-11,Icatibant Sandoz,0.3
2024-04-11,Tenofovir disoproxil STADA,0
2024-04-11,Ziextenzo,0.8
2024-04-11,Citalopram Vitabalans,0.5
2024-04-11,Elonva,0.2
2024-04-11,Emconcor Comp,0.2
2024-04-11,Replagal,0
2024-04-11,Deprakine,0.5
2024-04-11,Spiriva,0
2024-04-11,Flixonase,0.7
2024-04-11,Pergoveris,0.5
2024-04-11,Repaglinide Krka,0
2024-04-11,Cinacalcet Mylan,0
2024-04-11,Aripiprazole Orion,0.8
2024-04-11,Metoprolol Orion,0
2024-04-11,Testosterone ratiopharm,0.7
2024-04-11,Dasatinib Avansor,0
2024-04-11,Carbidopa/Levodopa Orion,0
2024-04-11,Lenalidomide Stada,0
2024-04-11,Coversyl Comp Novum,0.2
2024-04-11,Metomylan,0.2
2024-04-11,Losanova,0.5
2024-04-11,Adempas,0.5
2024-04-11,Kalcipos,0.7
2024-04-11,Memantine ratiopharm,0.2
2024-04-11,Voriconazole Sandoz,0.5
2024-04-11,Citalopram-Ratiopharm,0.7
2024-04-11,Losec MUPS,0.7
2024-04-11,Symtuza,0.2
2024-04-11,Lipanthyl Penta,0.7
2024-04-11,Atomoxetin Orion,0.2
2024-04-11,Imatinib ratiopharm,0.2
2024-04-11,Dymista,0.5
2024-04-11,Perindopril Krka,0.7
2024-04-11,Laktufarm,0
2024-04-11,Furesis,0.7
2024-04-11,Salofalk,0.5
2024-04-11,Erlotinib Krka,0.7
2024-04-11,Acidal,0.2
2024-04-11,Enalapril Comp Ratiopharm,0
2024-04-11,Lisinopril Ratiopharm,0
2024-04-11,Depo-Medrol,0.5
2024-04-11,Zonegran,0
2024-04-11,XALKORI,0.2
2024-04-11,Lumigan,0.2
2024-04-11,Zyban,0.3
2024-04-11,Zalasta,0.5
2024-04-11,Neurobion forte,0.5
2024-04-11,Primovist,0.2
2024-04-11,Doximed,0.5
2024-04-11,Hydofon,0.2
2024-04-11,Sitagliptin/Metformin STADA,0
2024-04-11,Glaukostad,0
2024-04-11,Myrelez,0.5
2024-04-11,Clindamycin MIP,0.5
2024-04-11,Risperdal Consta,0.7
2024-04-11,Modigraf,0.2
2024-04-11,Bosentan Accord,0
2024-04-11,Leponex,0.5
2024-04-11,Etoricoxib Mylan,0.5
2024-04-11,Paracetamol KRKA,0.2
2024-04-11,Ibutabs,0.5
2024-04-11,Zolmitriptan Stada,0.5
2024-04-11,Ivermectin Medical Valley,0.8
2024-04-11,Bisoprolol Orion,0
2024-04-11,Strepsils Menthol,0
2024-04-11,Duphagol,0.7
2024-04-11,Tenofovir disoproxil Mylan,0
2024-04-11,Rosuvastatin/Ezetimibe ratiopharm,0
2024-04-11,Oramet,0.7
2024-04-11,Myfenax,0.2
2024-04-11,Metoclopramide Orion,0.7
2024-04-11,Linatil Comp,0.7
2024-04-11,Buprenorphine Stada,0
2024-04-11,Natrilix Retard,0.5
2024-04-11,Oftastad,0.5
2024-04-11,Micardisplus,0.2
2024-04-11,Dutasteride Ratiopharm,0.0
2024-04-11,Calquence,0.2
2024-04-11,Panacod,0.2
2024-04-11,Tavanic,0.7
2024-04-12,Oxycorion Depot,0
2024-04-12,Solifenacin Accord,0
2024-04-12,Olmesartan medoxomil Krka,0
2024-04-12,Atorvastatin Orion,0
2024-04-12,Emconcor,0
2024-04-12,Ongentys,0
2024-04-12,Lomudal,0
2024-04-12,Candexetil Comp,0.2
2024-04-12,Differin,0
2024-04-12,Ivabradine Accord,0
2024-04-12,Tasminetta,0
2024-04-12,Cozaar Comp,0
2024-04-12,Sitagliptin Grindeks,0
2024-04-12,Esomeprazol Actavis,0
2024-04-12,Zanipress,0
2024-04-12,Cetirizin-ratiopharm,0
2024-04-12,Levetiracetam Sandoz,0
2024-04-12,Vepesid,0
2024-04-12,Losartan/Hydrochlorothiazide Sandoz,0
2024-04-12,Icatibant Sandoz,0
2024-04-12,Tenofovir disoproxil STADA,0
2024-04-12,Ziextenzo,0
2024-04-12,Citalopram Vitabalans,0
2024-04-12,Elonva,0
2024-04-12,Emconcor Comp,0
2024-04-12,Replagal,0
2024-04-12,Deprakine,0
2024-04-12,Spiriva,0
2024-04-12,Flixonase,0
2024-04-12,Pergoveris,0
2024-04-12,Repaglinide Krka,0
2024-04-12,Cinacalcet Mylan,0
2024-04-12,Aripiprazole Orion,0
2024-04-12,Metoprolol Orion,0
2024-04-12,Testosterone ratiopharm,0
2024-04-12,Dasatinib Avansor,0
2024-04-12,Carbidopa/Levodopa Orion,0
2024-04-12,Lenalidomide Stada,0
2024-04-12,Coversyl Comp Novum,0
2024-04-12,Metomylan,0
2024-04-12,Losanova,0
2024-04-12,Adempas,0
2024-04-12,Kalcipos,0.2
2024-04-12,Memantine ratiopharm,0
2024-04-12,Voriconazole Sandoz,0
2024-04-12,Citalopram-Ratiopharm,0
2024-04-12,Losec MUPS,0
2024-04-12,Symtuza,0
2024-04-12,Lipanthyl Penta,0
2024-04-12,Atomoxetin Orion,0
2024-04-12,Imatinib ratiopharm,0
2024-04-12,Dymista,0
2024-04-12,Perindopril Krka,0
2024-04-12,Laktufarm,0.5
2024-04-12,Furesis,0.5
2024-04-12,Salofalk,0.5
2024-04-12,Erlotinib Krka,0
2024-04-12,Acidal,0
2024-04-12,Enalapril Comp Ratiopharm,0
2024-04-12,Lisinopril Ratiopharm,0
2024-04-12,Depo-Medrol,0
2024-04-12,Zonegran,0
2024-04-12,XALKORI,0
2024-04-12,Lumigan,0
2024-04-12,Zyban,0
2024-04-12,Zalasta,0
2024-04-12,Neurobion forte,0
2024-04-12,Primovist,0
2024-04-12,Doximed,0
2024-04-12,Hydofon,0.2
2024-04-12,Sitagliptin/Metformin STADA,0
2024-04-12,Glaukostad,0
2024-04-12,Myrelez,0
2024-04-12,Clindamycin MIP,0
2024-04-12,Risperdal Consta,0
2024-04-12,Modigraf,0
2024-04-12,Bosentan Accord,0
2024-04-12,Leponex,0
2024-04-12,Etoricoxib Mylan,0
2024-04-12,Paracetamol KRKA,0
2024-04-12,Ibutabs,0
2024-04-12,Zolmitriptan Stada,0
2024-04-12,Ivermectin Medical Valley,0.1
2024-04-12,Bisoprolol Orion,0
2024-04-12,Strepsils Menthol,0
2024-04-12,Duphagol,0
2024-04-12,Tenofovir disoproxil Mylan,0
2024-04-12,Rosuvastatin/Ezetimibe ratiopharm,0
2024-04-12,Oramet,0
2024-04-12,Myfenax,0
2024-04-12,Metoclopramide Orion,0
2024-04-12,Linatil Comp,0
2024-04-12,Buprenorphine Stada,0
2024-04-12,Natrilix Retard,0
2024-04-12,Oftastad,0
2024-04-12,Micardisplus,0
2024-04-12,Dutasteride Ratiopharm,0
2024-04-12,Calquence,0
2024-04-12,Panacod,0
2024-04-12,Tavanic,0
2024-04-13,Oxycorion Depot,0
2024-04-13,Solifenacin Accord,0
2024-04-13,Olmesartan medoxomil Krka,0
2024-04-13,Atorvastatin Orion,0
2024-04-13,Emconcor,0
2024-04-13,Ongentys,0
2024-04-13,Lomudal,0
2024-04-13,Candexetil Comp,0
2024-04-13,Differin,0
2024-04-13,Ivabradine Accord,0
2024-04-13,Tasminetta,0
2024-04-13,Cozaar Comp,0
2024-04-13,Sitagliptin Grindeks,0
2024-04-13,Esomeprazol Actavis,0
2024-04-13,Zanipress,0
2024-04-13,Cetirizin-ratiopharm,0
2024-04-13,Levetiracetam Sandoz,0
2024-04-13,Vepesid,0
2024-04-13,Losartan/Hydrochlorothiazide Sandoz,0
2024-04-13,Icatibant Sandoz,0
2024-04-13,Tenofovir disoproxil STADA,0
2024-04-13,Ziextenzo,0
2024-04-13,Citalopram Vitabalans,0
2024-04-13,Elonva,0
2024-04-13,Emconcor Comp,0
2024-04-13,Replagal,0
2024-04-13,Deprakine,0
2024-04-13,Spiriva,0
2024-04-13,Flixonase,0
2024-04-13,Pergoveris,0
2024-04-13,Repaglinide Krka,0
2024-04-13,Cinacalcet Mylan,0
2024-04-13,Aripiprazole Orion,0
2024-04-13,Metoprolol Orion,0
2024-04-13,Testosterone ratiopharm,0
2024-04-13,Dasatinib Avansor,0
2024-04-13,Carbidopa/Levodopa Orion,0
2024-04-13,Lenalidomide Stada,0
2024-04-13,Coversyl Comp Novum,0
2024-04-13,Metomylan,0
2024-04-13,Losanova,0
2024-04-13,Adempas,0
2024-04-13,Kalcipos,0
2024-04-13,Memantine ratiopharm,0
2024-04-13,Voriconazole Sandoz,0
2024-04-13,Citalopram-Ratiopharm,0
2024-04-13,Losec MUPS,0
2024-04-13,Symtuza,0
2024-04-13,Lipanthyl Penta,0
2024-04-13,Atomoxetin Orion,0
2024-04-13,Imatinib ratiopharm,0
2024-04-13,Dymista,0
2024-04-13,Perindopril Krka,0
2024-04-13,Laktufarm,0
2024-04-13,Furesis,0
2024-04-13,Salofalk,0
2024-04-13,Erlotinib Krka,0
2024-04-13,Acidal,0
2024-04-13,Enalapril Comp Ratiopharm,0
2024-04-13,Lisinopril Ratiopharm,0
2024-04-13,Depo-Medrol,0
2024-04-13,Zonegran,0
2024-04-13,XALKORI,0
2024-04-13,Lumigan,0
2024-04-13,Zyban,0
2024-04-13,Zalasta,0
2024-04-13,Neurobion forte,0
2024-04-13,Primovist,0
2024-04-13,Doximed,0
2024-04-13,Hydofon,0
2024-04-13,Sitagliptin/Metformin STADA,0
2024-04-13,Glaukostad,0
2024-04-13,Myrelez,0
2024-04-13,Clindamycin MIP,0
2024-04-13,Risperdal Consta,0
2024-04-13,Modigraf,0
2024-04-13,Bosentan Accord,0
2024-04-13,Leponex,0
2024-04-13,Etoricoxib Mylan,0
2024-04-13,Paracetamol KRKA,0
2024-04-13,Ibutabs,0
2024-04-13,Zolmitriptan Stada,0
2024-04-13,Ivermectin Medical Valley,0
2024-04-13,Bisoprolol Orion,0
2024-04-13,Strepsils Menthol,0
2024-04-13,Duphagol,0
2024-04-13,Tenofovir disoproxil Mylan,0
2024-04-13,Rosuvastatin/Ezetimibe ratiopharm,0
2024-04-13,Oramet,0
2024-04-13,Myfenax,0
2024-04-13,Metoclopramide Orion,0
2024-04-13,Linatil Comp,0
2024-04-13,Buprenorphine Stada,0
2024-04-13,Natrilix Retard,0
2024-04-13,Oftastad,0
2024-04-13,Micardisplus,0
2024-04-13,Dutasteride Ratiopharm,0
2024-04-13,Calquence,0
2024-04-13,Panacod,0
2024-04-13,Tavanic,0
2024-04-14,Oxycorion Depot,0
2024-04-14,Solifenacin Accord,0
2024-04-14,Olmesartan medoxomil Krka,0
2024-04-14,Atorvastatin Orion,0
2024-04-14,Emconcor,0
2024-04-14,Ongentys,0
2024-04-14,Lomudal,0.5
2024-04-14,Candexetil Comp,0
2024-04-14,Differin,0
2024-04-14,Ivabradine Accord,0
2024-04-14,Tasminetta,0
2024-04-14,Cozaar Comp,0
2024-04-14,Sitagliptin Grindeks,0
2024-04-14,Esomeprazol Actavis,0
2024-04-14,Zanipress,0
2024-04-14,Cetirizin-ratiopharm,0
2024-04-14,Levetiracetam Sandoz,0
2024-04-14,Vepesid,0
2024-04-14,Losartan/Hydrochlorothiazide Sandoz,0
2024-04-14,Icatibant Sandoz,0
2024-04-14,Tenofovir disoproxil STADA,0
2024-04-14,Ziextenzo,0
2024-04-14,Citalopram Vitabalans,0
2024-04-14,Elonva,0
2024-04-14,Emconcor Comp,0
2024-04-14,Replagal,0
2024-04-14,Deprakine,0
2024-04-14,Spiriva,0
2024-04-14,Flixonase,0
2024-04-14,Pergoveris,0
2024-04-14,Repaglinide Krka,0
2024-04-14,Cinacalcet Mylan,0
2024-04-14,Aripiprazole Orion,0
2024-04-14,Metoprolol Orion,0
2024-04-14,Testosterone ratiopharm,0
2024-04-14,Dasatinib Avansor,0
2024-04-14,Carbidopa/Levodopa Orion,0
2024-04-14,Lenalidomide Stada,0
2024-04-14,Coversyl Comp Novum,0
2024-04-14,Metomylan,0
2024-04-14,Losanova,0.5
2024-04-14,Adempas,0
2024-04-14,Kalcipos,0
2024-04-14,Memantine ratiopharm,0
2024-04-14,Voriconazole Sandoz,0
2024-04-14,Citalopram-Ratiopharm,0
2024-04-14,Losec MUPS,0
2024-04-14,Symtuza,0
2024-04-14,Lipanthyl Penta,0
2024-04-14,Atomoxetin Orion,0
2024-04-14,Imatinib ratiopharm,0
2024-04-14,Dymista,0
2024-04-14,Perindopril Krka,0
2024-04-14,Laktufarm,0
2024-04-14,Furesis,0
2024-04-14,Salofalk,0
2024-04-14,Erlotinib Krka,0
2024-04-14,Acidal,0
2024-04-14,Enalapril Comp Ratiopharm,0
2024-04-14,Lisinopril Ratiopharm,0
2024-04-14,Depo-Medrol,0
2024-04-14,Zonegran,0
2024-04-14,XALKORI,0
2024-04-14,Lumigan,0
2024-04-14,Zyban,0
2024-04-14,Zalasta,0
2024-04-14,Neurobion forte,0
2024-04-14,Primovist,0
2024-04-14,Doximed,0
2024-04-14,Hydofon,0
2024-04-14,Sitagliptin/Metformin STADA,0
2024-04-14,Glaukostad,0
2024-04-14,Myrelez,0
2024-04-14,Clindamycin MIP,0
2024-04-14,Risperdal Consta,0
2024-04-14,Modigraf,0
2024-04-14,Bosentan Accord,0
2024-04-14,Leponex,0
2024-04-14,Etoricoxib Mylan,0
2024-04-14,Paracetamol KRKA,0
2024-04-14,Ibutabs,0
2024-04-14,Zolmitriptan Stada,0
2024-04-14,Ivermectin Medical Valley,0
2024-04-14,Bisoprolol Orion,0
2024-04-14,Strepsils Menthol,0
2024-04-14,Duphagol,0
2024-04-14,Tenofovir disoproxil Mylan,0
2024-04-14,Rosuvastatin/Ezetimibe ratiopharm,0
2024-04-14,Oramet,0
2024-04-14,Myfenax,0
2024-04-14,Metoclopramide Orion,0
2024-04-14,Linatil Comp,0
2024-04-14,Buprenorphine Stada,0
2024-04-14,Natrilix Retard,0.2
2024-04-14,Oftastad,0
2024-04-14,Micardisplus,0
2024-04-14,Dutasteride Ratiopharm,0
2024-04-14,Calquence,0
2024-04-14,Panacod,0
2024-04-14,Tavanic,0
2024-04-15,Oxycorion Depot,0
2024-04-15,Solifenacin Accord,0
2024-04-15,Olmesartan medoxomil Krka,0
2024-04-15,Atorvastatin Orion,1
2024-04-15,Emconcor,0
2024-04-15,Ongentys,0
2024-04-15,Lomudal,0
2024-04-15,Candexetil Comp,0
2024-04-15,Differin,0
2024-04-15,Ivabradine Accord,0
2024-04-15,Tasminetta,0
2024-04-15,Cozaar Comp,0
2024-04-15,Sitagliptin Grindeks,0
2024-04-15,Esomeprazol Actavis,0
2024-04-15,Zanipress,0
2024-04-15,Cetirizin-ratiopharm,0
2024-04-15,Levetiracetam Sandoz,0
2024-04-15,Vepesid,0
2024-04-15,Losartan/Hydrochlorothiazide Sandoz,0
2024-04-15,Icatibant Sandoz,0
2024-04-15,Tenofovir disoproxil STADA,1
2024-04-15,Ziextenzo,0
2024-04-15,Citalopram Vitabalans,0
2024-04-15,Elonva,0
2024-04-15,Emconcor Comp,0
2024-04-15,Replagal,0
2024-04-15,Deprakine,0
2024-04-15,Spiriva,0
2024-04-15,Flixonase,0
2024-04-15,Pergoveris,0
2024-04-15,Repaglinide Krka,0
2024-04-15,Cinacalcet Mylan,0
2024-04-15,Aripiprazole Orion,0
2024-04-15,Metoprolol Orion,1
2024-04-15,Testosterone ratiopharm,0
2024-04-15,Dasatinib Avansor,0
2024-04-15,Carbidopa/Levodopa Orion,0
2024-04-15,Lenalidomide Stada,0
2024-04-15,Coversyl Comp Novum,0
2024-04-15,Metomylan,0
2024-04-15,Losanova,0
2024-04-15,Adempas,0
2024-04-15,Kalcipos,0
2024-04-15,Memantine ratiopharm,0
2024-04-15,Voriconazole Sandoz,0
2024-04-15,Citalopram-Ratiopharm,1
2024-04-15,Losec MUPS,0
2024-04-15,Symtuza,0
2024-04-15,Lipanthyl Penta,0
2024-04-15,Atomoxetin Orion,0
2024-04-15,Imatinib ratiopharm,0
2024-04-15,Dymista,0
2024-04-15,Perindopril Krka,0
2024-04-15,Laktufarm,0
2024-04-15,Furesis,0
2024-04-15,Salofalk,0
2024-04-15,Erlotinib Krka,0
2024-04-15,Acidal,0
2024-04-15,Enalapril Comp Ratiopharm,0
2024-04-15,Lisinopril Ratiopharm,0
2024-04-15,Depo-Medrol,0
2024-04-15,Zonegran,0
2024-04-15,XALKORI,0
2024-04-15,Lumigan,0
2024-04-15,Zyban,0
2024-04-15,Zalasta,0
2024-04-15,Neurobion forte,0
2024-04-15,Primovist,0
2024-04-15,Doximed,0
2024-04-15,Hydofon,0
2024-04-15,Sitagliptin/Metformin STADA,0
2024-04-15,Glaukostad,0
2024-04-15,Myrelez,0
2024-04-15,Clindamycin MIP,0
2024-04-15,Risperdal Consta,0
2024-04-15,Modigraf,0
2024-04-15,Bosentan Accord,0
2024-04-15,Leponex,0
2024-04-15,Etoricoxib Mylan,0
2024-04-15,Paracetamol KRKA,1
2024-04-15,Ibutabs,0
2024-04-15,Zolmitriptan Stada,0
2024-04-15,Ivermectin Medical Valley,0
2024-04-15,Bisoprolol Orion,1
2024-04-15,Strepsils Menthol,0
2024-04-15,Duphagol,0
2024-04-15,Tenofovir disoproxil Mylan,0
2024-04-15,Rosuvastatin/Ezetimibe ratiopharm,0
2024-04-15,Oramet,0
2024-04-15,Myfenax,0
2024-04-15,Metoclopramide Orion,0
2024-04-15,Linatil Comp,0
2024-04-15,Buprenorphine Stada,0
2024-04-15,Natrilix Retard,0
2024-04-15,Oftastad,0
2024-04-15,Micardisplus,0
2024-04-15,Dutasteride Ratiopharm,1
2024-04-15,Calquence,0
2024-04-15,Panacod,0
2024-04-15,Tavanic,0
2024-04-16,Oxycorion Depot,0
2024-04-16,Solifenacin Accord,0
2024-04-16,Olmesartan medoxomil Krka,0
2024-04-16,Atorvastatin Orion,0
2024-04-16,Emconcor,0
2024-04-16,Ongentys,0
2024-04-16,Lomudal,0
2024-04-16,Candexetil Comp,0
2024-04-16,Differin,0
2024-04-16,Ivabradine Accord,0
2024-04-16,Tasminetta,0
2024-04-16,Cozaar Comp,0
2024-04-16,Sitagliptin Grindeks,0
2024-04-16,Esomeprazol Actavis,0
2024-04-16,Zanipress,0
2024-04-16,Cetirizin-ratiopharm,0
2024-04-16,Levetiracetam Sandoz,0
2024-04-16,Vepesid,0
2024-04-16,Losartan/Hydrochlorothiazide Sandoz,0
2024-04-16,Icatibant Sandoz,0
2024-04-16,Tenofovir disoproxil STADA,0
2024-04-16,Ziextenzo,0
2024-04-16,Citalopram Vitabalans,0
2024-04-16,Elonva,0
2024-04-16,Emconcor Comp,0
2024-04-16,Replagal,0
2024-04-16,Deprakine,0
2024-04-16,Spiriva,0
2024-04-16,Flixonase,0
2024-04-16,Pergoveris,0
2024-04-16,Repaglinide Krka,0
2024-04-16,Cinacalcet Mylan,0
2024-04-16,Aripiprazole Orion,0
2024-04-16,Metoprolol Orion,0
2024-04-16,Testosterone ratiopharm,0
2024-04-16,Dasatinib Avansor,0
2024-04-16,Carbidopa/Levodopa Orion,0
2024-04-16,Lenalidomide Stada,0
2024-04-16,Coversyl Comp Novum,0
2024-04-16,Metomylan,0
2024-04-16,Losanova,0
2024-04-16,Adempas,0
2024-04-16,Kalcipos,0
2024-04-16,Memantine ratiopharm,0
2024-04-16,Voriconazole Sandoz,0
2024-04-16,Citalopram-Ratiopharm,0
2024-04-16,Losec MUPS,0
2024-04-16,Symtuza,0
2024-04-16,Lipanthyl Penta,0
2024-04-16,Atomoxetin Orion,0
2024-04-16,Imatinib ratiopharm,0
2024-04-16,Dymista,0
2024-04-16,Perindopril Krka,0
2024-04-16,Laktufarm,0
2024-04-16,Furesis,0
2024-04-16,Salofalk,0
2024-04-16,Erlotinib Krka,0
2024-04-16,Acidal,0
2024-04-16,Enalapril Comp Ratiopharm,0
2024-04-16,Lisinopril Ratiopharm,0
2024-04-16,Depo-Medrol,0
2024-04-16,Zonegran,0
2024-04-16,XALKORI,0
2024-04-16,Lumigan,0
2024-04-16,Zyban,0
2024-04-16,Zalasta,0
2024-04-16,Neurobion forte,0
2024-04-16,Primovist,0
2024-04-16,Doximed,0
2024-04-16,Hydofon,0
2024-04-16,Sitagliptin/Metformin STADA,0
2024-04-16,Glaukostad,0
2024-04-16,Myrelez,0
2024-04-16,Clindamycin MIP,0
2024-04-16,Risperdal Consta,0
2024-04-16,Modigraf,0
2024-04-16,Bosentan Accord,0
2024-04-16,Leponex,0
2024-04-16,Etoricoxib Mylan,0
2024-04-16,Paracetamol KRKA,0
2024-04-16,Ibutabs,0
2024-04-16,Zolmitriptan Stada,0
2024-04-16,Ivermectin Medical Valley,0
2024-04-16,Bisoprolol Orion,0
2024-04-16,Strepsils Menthol,0
2024-04-16,Duphagol,0
2024-04-16,Tenofovir disoproxil Mylan,0
2024-04-16,Rosuvastatin/Ezetimibe ratiopharm,0
2024-04-16,Oramet,0
2024-04-16,Myfenax,0
2024-04-16,Metoclopramide Orion,0
2024-04-16,Linatil Comp,0
2024-04-16,Buprenorphine Stada,0
2024-04-16,Natrilix Retard,0
2024-04-16,Oftastad,0
2024-04-16,Micardisplus,0
2024-04-16,Dutasteride Ratiopharm,0
2024-04-16,Calquence,0
2024-04-16,Panacod,0
2024-04-16,Tavanic,0
2024-04-17,Oxycorion Depot,0
2024-04-17,Solifenacin Accord,0
2024-04-17,Olmesartan medoxomil Krka,0
2024-04-17,Atorvastatin Orion,0
2024-04-17,Emconcor,0
2024-04-17,Ongentys,0.5
2024-04-17,Lomudal,0
2024-04-17,Candexetil Comp,0
2024-04-17,Differin,0
2024-04-17,Ivabradine Accord,0
2024-04-17,Tasminetta,0.5
2024-04-17,Cozaar Comp,0
2024-04-17,Sitagliptin Grindeks,0
2024-04-17,Esomeprazol Actavis,0
2024-04-17,Zanipress,0.5
2024-04-17,Cetirizin-ratiopharm,0.1
2024-04-17,Levetiracetam Sandoz,0.5
2024-04-17,Vepesid,0
2024-04-17,Losartan/Hydrochlorothiazide Sandoz,0
2024-04-17,Icatibant Sandoz,0
2024-04-17,Tenofovir disoproxil STADA,0
2024-04-17,Ziextenzo,0
2024-04-17,Citalopram Vitabalans,0
2024-04-17,Elonva,0.2
2024-04-17,Emconcor Comp,0
2024-04-17,Replagal,0
2024-04-17,Deprakine,0
2024-04-17,Spiriva,0
2024-04-17,Flixonase,0
2024-04-17,Pergoveris,0
2024-04-17,Repaglinide Krka,0
2024-04-17,Cinacalcet Mylan,0
2024-04-17,Aripiprazole Orion,0
2024-04-17,Metoprolol Orion,0
2024-04-17,Testosterone ratiopharm,0
2024-04-17,Dasatinib Avansor,0
2024-04-17,Carbidopa/Levodopa Orion,0
2024-04-17,Lenalidomide Stada,0
2024-04-17,Coversyl Comp Novum,0
2024-04-17,Metomylan,0
2024-04-17,Losanova,0
2024-04-17,Adempas,0
2024-04-17,Kalcipos,0
2024-04-17,Memantine ratiopharm,0
2024-04-17,Voriconazole Sandoz,0
2024-04-17,Citalopram-Ratiopharm,0.5
2024-04-17,Losec MUPS,0
2024-04-17,Symtuza,0
2024-04-17,Lipanthyl Penta,0
2024-04-17,Atomoxetin Orion,0.2
2024-04-17,Imatinib ratiopharm,0
2024-04-17,Dymista,0.5
2024-04-17,Perindopril Krka,0.2
2024-04-17,Laktufarm,0
2024-04-17,Furesis,0
2024-04-17,Salofalk,0
2024-04-17,Erlotinib Krka,0
2024-04-17,Acidal,0
2024-04-17,Enalapril Comp Ratiopharm,0
2024-04-17,Lisinopril Ratiopharm,0
2024-04-17,Depo-Medrol,0
2024-04-17,Zonegran,0
2024-04-17,XALKORI,0.2
2024-04-17,Lumigan,0
2024-04-17,Zyban,0
2024-04-17,Zalasta,0.2
2024-04-17,Neurobion forte,0.5
2024-04-17,Primovist,0
2024-04-17,Doximed,0.5
2024-04-17,Hydofon,0
2024-04-17,Sitagliptin/Metformin STADA,0
2024-04-17,Glaukostad,0
2024-04-17,Myrelez,0
2024-04-17,Clindamycin MIP,0
2024-04-17,Risperdal Consta,0
2024-04-17,Modigraf,0
2024-04-17,Bosentan Accord,0
2024-04-17,Leponex,0
2024-04-17,Etoricoxib Mylan,0
2024-04-17,Paracetamol KRKA,0.2
2024-04-17,Ibutabs,0
2024-04-17,Zolmitriptan Stada,0
2024-04-17,Ivermectin Medical Valley,0
2024-04-17,Bisoprolol Orion,0
2024-04-17,Strepsils Menthol,0
2024-04-17,Duphagol,0
2024-04-17,Tenofovir disoproxil Mylan,0
2024-04-17,Rosuvastatin/Ezetimibe ratiopharm,0
2024-04-17,Oramet,0
2024-04-17,Myfenax,0.25
2024-04-17,Metoclopramide Orion,0
2024-04-17,Linatil Comp,0.5
2024-04-17,Buprenorphine Stada,0
2024-04-17,Natrilix Retard,0
2024-04-17,Oftastad,0.5
2024-04-17,Micardisplus,0
2024-04-17,Dutasteride Ratiopharm,0
2024-04-17,Calquence,0.5
2024-04-17,Panacod,0.5
2024-04-17,Tavanic,0
2024-04-18,Oxycorion Depot,0
2024-04-18,Solifenacin Accord,0
2024-04-18,Olmesartan medoxomil Krka,0
2024-04-18,Atorvastatin Orion,1
2024-04-18,Emconcor,0.7
2024-04-18,Ongentys,0
2024-04-18,Lomudal,0
2024-04-18,Candexetil Comp,0
2024-04-18,Differin,0
2024-04-18,Ivabradine Accord,0
2024-04-18,Tasminetta, -0.5
2024-04-18,Cozaar Comp,0
2024-04-18,Sitagliptin Grindeks,1
2024-04-18,Esomeprazol Actavis,0
2024-04-18,Zanipress,0
2024-04-18,Cetirizin-ratiopharm,0
2024-04-18,Levetiracetam Sandoz,0
2024-04-18,Vepesid,0
2024-04-18,Losartan/Hydrochlorothiazide Sandoz,0
2024-04-18,Icatibant Sandoz,0
2024-04-18,Tenofovir disoproxil STADA, -0.5
2024-04-18,Ziextenzo,0
2024-04-18,Citalopram Vitabalans,0
2024-04-18,Elonva,0
2024-04-18,Emconcor Comp,0
2024-04-18,Replagal,0
2024-04-18,Deprakine,0
2024-04-18,Spiriva,0
2024-04-18,Flixonase,0
2024-04-18,Pergoveris,0
2024-04-18,Repaglinide Krka,0
2024-04-18,Cinacalcet Mylan,0
2024-04-18,Aripiprazole Orion,0.7
2024-04-18,Metoprolol Orion,0
2024-04-18,Testosterone ratiopharm,0
2024-04-18,Dasatinib Avansor,0
2024-04-18,Carbidopa/Levodopa Orion,0
2024-04-18,Lenalidomide Stada,1
2024-04-18,Coversyl Comp Novum,0
2024-04-18,Metomylan,0
2024-04-18,Losanova,0
2024-04-18,Adempas,0
2024-04-18,Kalcipos,0
2024-04-18,Memantine ratiopharm,0
2024-04-18,Voriconazole Sandoz,0
2024-04-18,Citalopram-Ratiopharm,0
2024-04-18,Losec MUPS,0
2024-04-18,Symtuza,0
2024-04-18,Lipanthyl Penta,0
2024-04-18,Atomoxetin Orion,0
2024-04-18,Imatinib ratiopharm,0
2024-04-18,Dymista,0
2024-04-18,Perindopril Krka,0
2024-04-18,Laktufarm,0
2024-04-18,Furesis,0
2024-04-18,Salofalk,0
2024-04-18,Erlotinib Krka,0
2024-04-18,Acidal,0
2024-04-18,Enalapril Comp Ratiopharm,0
2024-04-18,Lisinopril Ratiopharm,0
2024-04-18,Depo-Medrol,0
2024-04-18,Zonegran,0
2024-04-18,XALKORI,1
2024-04-18,Lumigan,0
2024-04-18,Zyban,0
2024-04-18,Zalasta,0
2024-04-18,Neurobion forte,0
2024-04-18,Primovist,0
2024-04-18,Doximed,0
2024-04-18,Hydofon,0.7
2024-04-18,Sitagliptin/Metformin STADA,0
2024-04-18,Glaukostad,0
2024-04-18,Myrelez,0
2024-04-18,Clindamycin MIP,0
2024-04-18,Risperdal Consta,0
2024-04-18,Modigraf,0
2024-04-18,Bosentan Accord,0
2024-04-18,Leponex,0
2024-04-18,Etoricoxib Mylan,0
2024-04-18,Paracetamol KRKA,0
2024-04-18,Ibutabs,0
2024-04-18,Zolmitriptan Stada,0
2024-04-18,Ivermectin Medical Valley,0
2024-04-18,Bisoprolol Orion,1
2024-04-18,Strepsils Menthol,0
2024-04-18,Duphagol,0
2024-04-18,Tenofovir disoproxil Mylan,0
2024-04-18,Rosuvastatin/Ezetimibe ratiopharm,0
2024-04-18,Oramet,0
2024-04-18,Myfenax,0
2024-04-18,Metoclopramide Orion,0
2024-04-18,Linatil Comp,0
2024-04-18,Buprenorphine Stada, -0.5
2024-04-18,Natrilix Retard,0.7
2024-04-18,Oftastad,0
2024-04-18,Micardisplus,0
2024-04-18,Dutasteride Ratiopharm,0
2024-04-18,Calquence,0
2024-04-18,Panacod,0
2024-04-18,Tavanic,0.75
2024-04-19,Oxycorion Depot,0
2024-04-19,Solifenacin Accord,0
2024-04-19,Olmesartan medoxomil Krka,0
2024-04-19,Atorvastatin Orion,0
2024-04-19,Emconcor,0.5
2024-04-19,Ongentys,0.5
2024-04-19,Lomudal,0
2024-04-19,Candexetil Comp,0.2
2024-04-19,Differin,0.1
2024-04-19,Ivabradine Accord,0.4
2024-04-19,Tasminetta,0.5
2024-04-19,Cozaar Comp,0
2024-04-19,Sitagliptin Grindeks,0
2024-04-19,Esomeprazol Actavis,0.2
2024-04-19,Zanipress,0
2024-04-19,Cetirizin-ratiopharm,0.25
2024-04-19,Levetiracetam Sandoz,0.2
2024-04-19,Vepesid,0.7
2024-04-19,Losartan/Hydrochlorothiazide Sandoz,0
2024-04-19,Icatibant Sandoz,0
2024-04-19,Tenofovir disoproxil STADA,0.1
2024-04-19,Ziextenzo,0
2024-04-19,Citalopram Vitabalans,0
2024-04-19,Elonva,0
2024-04-19,Emconcor Comp,0.5
2024-04-19,Replagal,0
2024-04-19,Deprakine,0.5
2024-04-19,Spiriva,0.7
2024-04-19,Flixonase,0.5
2024-04-19,Pergoveris,0.5
2024-04-19,Repaglinide Krka,0.2
2024-04-19,Cinacalcet Mylan,0
2024-04-19,Aripiprazole Orion,0.2
2024-04-19,Metoprolol Orion,0.7
2024-04-19,Testosterone ratiopharm,0.2
2024-04-19,Dasatinib Avansor,0
2024-04-19,Carbidopa/Levodopa Orion,0
2024-04-19,Lenalidomide Stada,0
2024-04-19,Coversyl Comp Novum,0
2024-04-19,Metomylan,0
2024-04-19,Losanova,0.5
2024-04-19,Adempas,0.5
2024-04-19,Kalcipos,0
2024-04-19,Memantine ratiopharm,0.7
2024-04-19,Voriconazole Sandoz,0
2024-04-19,Citalopram-Ratiopharm,0
2024-04-19,Losec MUPS,0
2024-04-19,Symtuza,0
2024-04-19,Lipanthyl Penta,0.25
2024-04-19,Atomoxetin Orion,0.2
2024-04-19,Imatinib ratiopharm,0
2024-04-19,Dymista,0.7
2024-04-19,Perindopril Krka,0
2024-04-19,Laktufarm,0.7
2024-04-19,Furesis,0.2
2024-04-19,Salofalk,0.5
2024-04-19,Erlotinib Krka,0
2024-04-19,Acidal,0
2024-04-19,Enalapril Comp Ratiopharm,0.5
2024-04-19,Lisinopril Ratiopharm,0
2024-04-19,Depo-Medrol,0
2024-04-19,Zonegran,0.5
2024-04-19,XALKORI,0.2
2024-04-19,Lumigan,0
2024-04-19,Zyban,0.75
2024-04-19,Zalasta,0.5
2024-04-19,Neurobion forte,0.5
2024-04-19,Primovist,0.2
2024-04-19,Doximed,0
2024-04-19,Hydofon,0.75
2024-04-19,Sitagliptin/Metformin STADA,0
2024-04-19,Glaukostad,0
2024-04-19,Myrelez,0.5
2024-04-19,Clindamycin MIP,0
2024-04-19,Risperdal Consta,0.7
2024-04-19,Modigraf,0
2024-04-19,Bosentan Accord,0
2024-04-19,Leponex,0.5
2024-04-19,Etoricoxib Mylan,0
2024-04-19,Paracetamol KRKA,0
2024-04-19,Ibutabs,0.7
2024-04-19,Zolmitriptan Stada,0
2024-04-19,Ivermectin Medical Valley,0.2
2024-04-19,Bisoprolol Orion,0.2
2024-04-19,Strepsils Menthol,0
2024-04-19,Duphagol,0.5
2024-04-19,Tenofovir disoproxil Mylan,0.2
2024-04-19,Rosuvastatin/Ezetimibe ratiopharm,0
2024-04-19,Oramet,0.5
2024-04-19,Myfenax,0.2
2024-04-19,Metoclopramide Orion,0
2024-04-19,Linatil Comp,0.2
2024-04-19,Buprenorphine Stada,0
2024-04-19,Natrilix Retard,0.7
2024-04-19,Oftastad,0.5
2024-04-19,Micardisplus,0
2024-04-19,Dutasteride Ratiopharm,0
2024-04-19,Calquence,0
2024-04-19,Panacod,0.5
2024-04-19,Tavanic,0
2024-04-20,Oxycorion Depot,0
2024-04-20,Solifenacin Accord,0
2024-04-20,Olmesartan medoxomil Krka,0
2024-04-20,Atorvastatin Orion,0
2024-04-20,Emconcor,0
2024-04-20,Ongentys,0
2024-04-20,Lomudal,0
2024-04-20,Candexetil Comp,0
2024-04-20,Differin,0
2024-04-20,Ivabradine Accord,0
2024-04-20,Tasminetta,0
2024-04-20,Cozaar Comp,0
2024-04-20,Sitagliptin Grindeks,0
2024-04-20,Esomeprazol Actavis,0
2024-04-20,Zanipress,0
2024-04-20,Cetirizin-ratiopharm,0
2024-04-20,Levetiracetam Sandoz,0
2024-04-20,Vepesid,0
2024-04-20,Losartan/Hydrochlorothiazide Sandoz,0
2024-04-20,Icatibant Sandoz,0
2024-04-20,Tenofovir disoproxil STADA,0
2024-04-20,Ziextenzo,0
2024-04-20,Citalopram Vitabalans,0
2024-04-20,Elonva,0
2024-04-20,Emconcor Comp,0
2024-04-20,Replagal,0
2024-04-20,Deprakine,0
2024-04-20,Spiriva,0
2024-04-20,Flixonase,0
2024-04-20,Pergoveris,0
2024-04-20,Repaglinide Krka,0
2024-04-20,Cinacalcet Mylan,0
2024-04-20,Aripiprazole Orion,0
2024-04-20,Metoprolol Orion,0
2024-04-20,Testosterone ratiopharm,0
2024-04-20,Dasatinib Avansor,0
2024-04-20,Carbidopa/Levodopa Orion,0
2024-04-20,Lenalidomide Stada,0
2024-04-20,Coversyl Comp Novum,0
2024-04-20,Metomylan,0
2024-04-20,Losanova,0
2024-04-20,Adempas,0
2024-04-20,Kalcipos,0
2024-04-20,Memantine ratiopharm,0
2024-04-20,Voriconazole Sandoz,0
2024-04-20,Citalopram-Ratiopharm,0
2024-04-20,Losec MUPS,0
2024-04-20,Symtuza,0
2024-04-20,Lipanthyl Penta,0
2024-04-20,Atomoxetin Orion,0
2024-04-20,Imatinib ratiopharm,0
2024-04-20,Dymista,0
2024-04-20,Perindopril Krka,0
2024-04-20,Laktufarm,0
2024-04-20,Furesis,0
2024-04-20,Salofalk,0
2024-04-20,Erlotinib Krka,0
2024-04-20,Acidal,0
2024-04-20,Enalapril Comp Ratiopharm,0
2024-04-20,Lisinopril Ratiopharm,0
2024-04-20,Depo-Medrol,0
2024-04-20,Zonegran,0
2024-04-20,XALKORI,0
2024-04-20,Lumigan,0
2024-04-20,Zyban,0
2024-04-20,Zalasta,0
2024-04-20,Neurobion forte,0
2024-04-20,Primovist,0
2024-04-20,Doximed,0
2024-04-20,Hydofon,0
2024-04-20,Sitagliptin/Metformin STADA,0
2024-04-20,Glaukostad,0
2024-04-20,Myrelez,0
2024-04-20,Clindamycin MIP,0
2024-04-20,Risperdal Consta,0
2024-04-20,Modigraf,0
2024-04-20,Bosentan Accord,0
2024-04-20,Leponex,0
2024-04-20,Etoricoxib Mylan,0
2024-04-20,Paracetamol KRKA,0
2024-04-20,Ibutabs,0
2024-04-20,Zolmitriptan Stada,0
2024-04-20,Ivermectin Medical Valley,0
2024-04-20,Bisoprolol Orion,0
2024-04-20,Strepsils Menthol,0
2024-04-20,Duphagol,0
2024-04-20,Tenofovir disoproxil Mylan,0
2024-04-20,Rosuvastatin/Ezetimibe ratiopharm,0
2024-04-20,Oramet,0
2024-04-20,Myfenax,0
2024-04-20,Metoclopramide Orion,1
2024-04-20,Linatil Comp,0
2024-04-20,Buprenorphine Stada,0
2024-04-20,Natrilix Retard,0
2024-04-20,Oftastad,0
2024-04-20,Micardisplus,0
2024-04-20,Dutasteride Ratiopharm,0
2024-04-20,Calquence,0
2024-04-20,Panacod,0
2024-04-20,Tavanic,0
2024-04-21,Oxycorion Depot,0
2024-04-21,Solifenacin Accord,0
2024-04-21,Olmesartan medoxomil Krka,0
2024-04-21,Atorvastatin Orion,0
2024-04-21,Emconcor,0
2024-04-21,Ongentys,0
2024-04-21,Lomudal,0
2024-04-21,Candexetil Comp,0
2024-04-21,Differin,0
2024-04-21,Ivabradine Accord,0
2024-04-21,Tasminetta,0
2024-04-21,Cozaar Comp,0
2024-04-21,Sitagliptin Grindeks,0
2024-04-21,Esomeprazol Actavis,0
2024-04-21,Zanipress,0
2024-04-21,Cetirizin-ratiopharm,0
2024-04-21,Levetiracetam Sandoz,0
2024-04-21,Vepesid,0
2024-04-21,Losartan/Hydrochlorothiazide Sandoz,0
2024-04-21,Icatibant Sandoz,0
2024-04-21,Tenofovir disoproxil STADA,0
2024-04-21,Ziextenzo,0
2024-04-21,Citalopram Vitabalans,0
2024-04-21,Elonva,0
2024-04-21,Emconcor Comp,0
2024-04-21,Replagal,0
2024-04-21,Deprakine,0
2024-04-21,Spiriva,0
2024-04-21,Flixonase,0
2024-04-21,Pergoveris,0
2024-04-21,Repaglinide Krka,0
2024-04-21,Cinacalcet Mylan,0
2024-04-21,Aripiprazole Orion,0
2024-04-21,Metoprolol Orion,0
2024-04-21,Testosterone ratiopharm,0
2024-04-21,Dasatinib Avansor,0
2024-04-21,Carbidopa/Levodopa Orion,0
2024-04-21,Lenalidomide Stada,0
2024-04-21,Coversyl Comp Novum,0
2024-04-21,Metomylan,0
2024-04-21,Losanova,0
2024-04-21,Adempas,0
2024-04-21,Kalcipos,0
2024-04-21,Memantine ratiopharm,0
2024-04-21,Voriconazole Sandoz,0
2024-04-21,Citalopram-Ratiopharm,0
2024-04-21,Losec MUPS,0
2024-04-21,Symtuza,0
2024-04-21,Lipanthyl Penta,0
2024-04-21,Atomoxetin Orion,0
2024-04-21,Imatinib ratiopharm,0
2024-04-21,Dymista,0
2024-04-21,Perindopril Krka,0
2024-04-21,Laktufarm,0
2024-04-21,Furesis,0
2024-04-21,Salofalk,0
2024-04-21,Erlotinib Krka,0
2024-04-21,Acidal,0
2024-04-21,Enalapril Comp Ratiopharm,0
2024-04-21,Lisinopril Ratiopharm,0
2024-04-21,Depo-Medrol,0
2024-04-21,Zonegran,0
2024-04-21,XALKORI,0
2024-04-21,Lumigan,0
2024-04-21,Zyban,0
2024-04-21,Zalasta,0
2024-04-21,Neurobion forte,0
2024-04-21,Primovist,0
2024-04-21,Doximed,0
2024-04-21,Hydofon,0
2024-04-21,Sitagliptin/Metformin STADA,0
2024-04-21,Glaukostad,0
2024-04-21,Myrelez,0
2024-04-21,Clindamycin MIP,0
2024-04-21,Risperdal Consta,0
2024-04-21,Modigraf,0
2024-04-21,Bosentan Accord,0
2024-04-21,Leponex,0
2024-04-21,Etoricoxib Mylan,0
2024-04-21,Paracetamol KRKA,0
2024-04-21,Ibutabs,0
2024-04-21,Zolmitriptan Stada,0
2024-04-21,Ivermectin Medical Valley,0
2024-04-21,Bisoprolol Orion,0
2024-04-21,Strepsils Menthol,0
2024-04-21,Duphagol,0
2024-04-21,Tenofovir disoproxil Mylan,0
2024-04-21,Rosuvastatin/Ezetimibe ratiopharm,0
2024-04-21,Oramet,0
2024-04-21,Myfenax,0
2024-04-21,Metoclopramide Orion,0
2024-04-21,Linatil Comp,0
2024-04-21,Buprenorphine Stada,0
2024-04-21,Natrilix Retard,0
2024-04-21,Oftastad,0
2024-04-21,Micardisplus,0
2024-04-21,Dutasteride Ratiopharm,0
2024-04-21,Calquence,0
2024-04-21,Panacod,0
2024-04-21,Tavanic,0
2024-04-22,Oxycorion Depot,0.7
2024-04-22,Solifenacin Accord,0.7
2024-04-22,Olmesartan medoxomil Krka,0.7
2024-04-22,Atorvastatin Orion,0.7
2024-04-22,Emconcor,0.7
2024-04-22,Ongentys,0.7
2024-04-22,Lomudal,0.7
2024-04-22,Candexetil Comp,0.8
2024-04-22,Differin,0.7
2024-04-22,Ivabradine Accord,0.8
2024-04-22,Tasminetta,0.7
2024-04-22,Cozaar Comp,0.7
2024-04-22,Sitagliptin Grindeks,0
2024-04-22,Esomeprazol Actavis,0.7
2024-04-22,Zanipress,0.8
2024-04-22,Cetirizin-ratiopharm,0.7
2024-04-22,Levetiracetam Sandoz,0.5
2024-04-22,Vepesid,0.7
2024-04-22,Losartan/Hydrochlorothiazide Sandoz,0
2024-04-22,Icatibant Sandoz,0.5
2024-04-22,Tenofovir disoproxil STADA,0.5
2024-04-22,Ziextenzo,0.8
2024-04-22,Citalopram Vitabalans,0.5
2024-04-22,Elonva,0.7
2024-04-22,Emconcor Comp,0.8
2024-04-22,Replagal,0.7
2024-04-22,Deprakine,0
2024-04-22,Spiriva,0.8
2024-04-22,Flixonase,0.7
2024-04-22,Pergoveris,0.8
2024-04-22,Repaglinide Krka,0
2024-04-22,Cinacalcet Mylan,0
2024-04-22,Aripiprazole Orion,0.7
2024-04-22,Metoprolol Orion,0.5
2024-04-22,Testosterone ratiopharm,0.8
2024-04-22,Dasatinib Avansor,0
2024-04-22,Carbidopa/Levodopa Orion,0.7
2024-04-22,Lenalidomide Stada,0.7
2024-04-22,Coversyl Comp Novum,0.7
2024-04-22,Metomylan,0.7
2024-04-22,Losanova,0
2024-04-22,Adempas,0.8
2024-04-22,Kalcipos,0.7
2024-04-22,Memantine ratiopharm,0
2024-04-22,Voriconazole Sandoz,0.2
2024-04-22,Citalopram-Ratiopharm,0.75
2024-04-22,Losec MUPS,0.7
2024-04-22,Symtuza,0.7
2024-04-22,Lipanthyl Penta,0.8
2024-04-22,Atomoxetin Orion,0.7
2024-04-22,Imatinib ratiopharm,0.8
2024-04-22,Dymista,0.8
2024-04-22,Perindopril Krka,0.5
2024-04-22,Laktufarm,0.7
2024-04-22,Furesis,0.8
2024-04-22,Salofalk,0.5
2024-04-22,Erlotinib Krka,0
2024-04-22,Acidal,0.7
2024-04-22,Enalapril Comp Ratiopharm,0.7
2024-04-22,Lisinopril Ratiopharm,0.8
2024-04-22,Depo-Medrol,0.8
2024-04-22,Zonegran,0.7
2024-04-22,XALKORI,0.7
2024-04-22,Lumigan,0.7
2024-04-22,Zyban,0.8
2024-04-22,Zalasta,0.5
2024-04-22,Neurobion forte,0.7
2024-04-22,Primovist,0.7
2024-04-22,Doximed,0.8
2024-04-22,Hydofon,0.5
2024-04-22,Sitagliptin/Metformin STADA,0
2024-04-22,Glaukostad,0.7
2024-04-22,Myrelez,0.8
2024-04-22,Clindamycin MIP,0.5
2024-04-22,Risperdal Consta,0.7
2024-04-22,Modigraf,0.5
2024-04-22,Bosentan Accord,0
2024-04-22,Leponex,0.7
2024-04-22,Etoricoxib Mylan,0.8
2024-04-22,Paracetamol KRKA,0.7
2024-04-22,Ibutabs,0.8
2024-04-22,Zolmitriptan Stada,0.75
2024-04-22,Ivermectin Medical Valley,0.7
2024-04-22,Bisoprolol Orion,0
2024-04-22,Strepsils Menthol,0.7
2024-04-22,Duphagol,0.7
2024-04-22,Tenofovir disoproxil Mylan,0.5
2024-04-22,Rosuvastatin/Ezetimibe ratiopharm,0.7
2024-04-22,Oramet,0.7
2024-04-22,Myfenax,0.7
2024-04-22,Metoclopramide Orion,0.5
2024-04-22,Linatil Comp,0.7
2024-04-22,Buprenorphine Stada,0.5
2024-04-22,Natrilix Retard,0.7
2024-04-22,Oftastad,0.7
2024-04-22,Micardisplus,0.7
2024-04-22,Dutasteride Ratiopharm,0.7
2024-04-22,Calquence,0.75
2024-04-22,Panacod,0.7
2024-04-22,Tavanic,0.7
2024-04-23,Oxycorion Depot,0
2024-04-23,Solifenacin Accord,0
2024-04-23,Olmesartan medoxomil Krka,0
2024-04-23,Atorvastatin Orion,0
2024-04-23,Emconcor,0
2024-04-23,Ongentys,0
2024-04-23,Lomudal,0
2024-04-23,Candexetil Comp,0
2024-04-23,Differin,0
2024-04-23,Ivabradine Accord,0
2024-04-23,Tasminetta,0
2024-04-23,Cozaar Comp,0
2024-04-23,Sitagliptin Grindeks,0
2024-04-23,Esomeprazol Actavis,0
2024-04-23,Zanipress,0
2024-04-23,Cetirizin-ratiopharm,0
2024-04-23,Levetiracetam Sandoz,0
2024-04-23,Vepesid,0
2024-04-23,Losartan/Hydrochlorothiazide Sandoz,0
2024-04-23,Icatibant Sandoz,0
2024-04-23,Tenofovir disoproxil STADA,0
2024-04-23,Ziextenzo,0
2024-04-23,Citalopram Vitabalans,0
2024-04-23,Elonva,0
2024-04-23,Emconcor Comp,0
2024-04-23,Replagal,0
2024-04-23,Deprakine,0
2024-04-23,Spiriva,0
2024-04-23,Flixonase,0
2024-04-23,Pergoveris,0
2024-04-23,Repaglinide Krka,0
2024-04-23,Cinacalcet Mylan,0
2024-04-23,Aripiprazole Orion,0
2024-04-23,Metoprolol Orion,0
2024-04-23,Testosterone ratiopharm,0
2024-04-23,Dasatinib Avansor,0
2024-04-23,Carbidopa/Levodopa Orion,0
2024-04-23,Lenalidomide Stada,0
2024-04-23,Coversyl Comp Novum,0
2024-04-23,Metomylan,0
2024-04-23,Losanova,0
2024-04-23,Adempas,0
2024-04-23,Kalcipos,0
2024-04-23,Memantine ratiopharm,0
2024-04-23,Voriconazole Sandoz,0
2024-04-23,Citalopram-Ratiopharm,0
2024-04-23,Losec MUPS,0
2024-04-23,Symtuza,0
2024-04-23,Lipanthyl Penta,0
2024-04-23,Atomoxetin Orion,0
2024-04-23,Imatinib ratiopharm,0
2024-04-23,Dymista,0
2024-04-23,Perindopril Krka,0
2024-04-23,Laktufarm,0
2024-04-23,Furesis,0
2024-04-23,Salofalk,0
2024-04-23,Erlotinib Krka,0
2024-04-23,Acidal,0
2024-04-23,Enalapril Comp Ratiopharm,0
2024-04-23,Lisinopril Ratiopharm,0
2024-04-23,Depo-Medrol,0
2024-04-23,Zonegran,0
2024-04-23,XALKORI,0
2024-04-23,Lumigan,0
2024-04-23,Zyban,0.5
2024-04-23,Zalasta,0
2024-04-23,Neurobion forte,0
2024-04-23,Primovist,0
2024-04-23,Doximed,0
2024-04-23,Hydofon,0
2024-04-23,Sitagliptin/Metformin STADA,0
2024-04-23,Glaukostad,0
2024-04-23,Myrelez,0
2024-04-23,Clindamycin MIP,0
2024-04-23,Risperdal Consta,0
2024-04-23,Modigraf,0
2024-04-23,Bosentan Accord,0
2024-04-23,Leponex,0
2024-04-23,Etoricoxib Mylan,0
2024-04-23,Paracetamol KRKA,0
2024-04-23,Ibutabs,0
2024-04-23,Zolmitriptan Stada,0
2024-04-23,Ivermectin Medical Valley,0
2024-04-23,Bisoprolol Orion,0
2024-04-23,Strepsils Menthol,0
2024-04-23,Duphagol,0
2024-04-23,Tenofovir disoproxil Mylan,0
2024-04-23,Rosuvastatin/Ezetimibe ratiopharm,0
2024-04-23,Oramet,0
2024-04-23,Myfenax,0
2024-04-23,Metoclopramide Orion,0
2024-04-23,Linatil Comp,0
2024-04-23,Buprenorphine Stada,0
2024-04-23,Natrilix Retard,0
2024-04-23,Oftastad,0
2024-04-23,Micardisplus,0
2024-04-23,Dutasteride Ratiopharm,0
2024-04-23,Calquence,0
2024-04-23,Panacod,0
2024-04-23,Tavanic,0
2024-04-24,Oxycorion Depot,0
2024-04-24,Solifenacin Accord,0
2024-04-24,Olmesartan medoxomil Krka,0
2024-04-24,Atorvastatin Orion,0
2024-04-24,Emconcor,0
2024-04-24,Ongentys,0
2024-04-24,Lomudal,0
2024-04-24,Candexetil Comp,0
2024-04-24,Differin,0
2024-04-24,Ivabradine Accord,0
2024-04-24,Tasminetta,0
2024-04-24,Cozaar Comp,0
2024-04-24,Sitagliptin Grindeks,0
2024-04-24,Esomeprazol Actavis,0
2024-04-24,Zanipress,0
2024-04-24,Cetirizin-ratiopharm,0
2024-04-24,Levetiracetam Sandoz,0
2024-04-24,Vepesid,0
2024-04-24,Losartan/Hydrochlorothiazide Sandoz,0
2024-04-24,Icatibant Sandoz,0
2024-04-24,Tenofovir disoproxil STADA,0
2024-04-24,Ziextenzo,0
2024-04-24,Citalopram Vitabalans,0
2024-04-24,Elonva,0
2024-04-24,Emconcor Comp,0
2024-04-24,Replagal,0
2024-04-24,Deprakine,0
2024-04-24,Spiriva,0
2024-04-24,Flixonase,0
2024-04-24,Pergoveris,0
2024-04-24,Repaglinide Krka,0
2024-04-24,Cinacalcet Mylan,0
2024-04-24,Aripiprazole Orion,0
2024-04-24,Metoprolol Orion,0
2024-04-24,Testosterone ratiopharm,0
2024-04-24,Dasatinib Avansor,0
2024-04-24,Carbidopa/Levodopa Orion,0
2024-04-24,Lenalidomide Stada,0
2024-04-24,Coversyl Comp Novum,0
2024-04-24,Metomylan,0
2024-04-24,Losanova,0
2024-04-24,Adempas,0
2024-04-24,Kalcipos,0
2024-04-24,Memantine ratiopharm,0
2024-04-24,Voriconazole Sandoz,0
2024-04-24,Citalopram-Ratiopharm,0
2024-04-24,Losec MUPS,0
2024-04-24,Symtuza,0
2024-04-24,Lipanthyl Penta,0
2024-04-24,Atomoxetin Orion,0
2024-04-24,Imatinib ratiopharm,0
2024-04-24,Dymista,0
2024-04-24,Perindopril Krka,0
2024-04-24,Laktufarm,0
2024-04-24,Furesis,0
2024-04-24,Salofalk,0
2024-04-24,Erlotinib Krka,0
2024-04-24,Acidal,0
2024-04-24,Enalapril Comp Ratiopharm,0
2024-04-24,Lisinopril Ratiopharm,0
2024-04-24,Depo-Medrol,0
2024-04-24,Zonegran,0
2024-04-24,XALKORI,0
2024-04-24,Lumigan,0
2024-04-24,Zyban,0
2024-04-24,Zalasta,0
2024-04-24,Neurobion forte,0
2024-04-24,Primovist,0
2024-04-24,Doximed,0
2024-04-24,Hydofon,0
2024-04-24,Sitagliptin/Metformin STADA,0
2024-04-24,Glaukostad,0
2024-04-24,Myrelez,0
2024-04-24,Clindamycin MIP,0
2024-04-24,Risperdal Consta,0
2024-04-24,Modigraf,0
2024-04-24,Bosentan Accord,0
2024-04-24,Leponex,0
2024-04-24,Etoricoxib Mylan,0
2024-04-24,Paracetamol KRKA,0
2024-04-24,Ibutabs,0
2024-04-24,Zolmitriptan Stada,0
2024-04-24,Ivermectin Medical Valley,0
2024-04-24,Bisoprolol Orion,0
2024-04-24,Strepsils Menthol,0
2024-04-24,Duphagol,0
2024-04-24,Tenofovir disoproxil Mylan,0
2024-04-24,Rosuvastatin/Ezetimibe ratiopharm,0
2024-04-24,Oramet,0
2024-04-24,Myfenax,0
2024-04-24,Metoclopramide Orion,0
2024-04-24,Linatil Comp,0
2024-04-24,Buprenorphine Stada,0
2024-04-24,Natrilix Retard,0
2024-04-24,Oftastad,0
2024-04-24,Micardisplus,0
2024-04-24,Dutasteride Ratiopharm,0
2024-04-24,Calquence,0
2024-04-24,Panacod,0
2024-04-24,Tavanic,0
